https://poizonshop.ru/product/supreme-x-nike-air-force-1-low-box-logo-77526?sku=465150613,Supreme x Nike Air Force 1 Low box logo,26 128 ₽
https://poizonshop.ru/product/supreme-x-nike-air-force-1-low-box-logo-75659?sku=453948613,"Supreme x Nike Air Force 1 Low ""box logo""",23 612 ₽
https://poizonshop.ru/product/nike-air-zoom-vomero-5-4464063?sku=621394523,Nike Air Zoom Vomero 5,12 364 ₽ 13 104 ₽
https://poizonshop.ru/product/nike-lebron-19-ep-bred-1975082?sku=606269939,"Nike Lebron 19 EP ""Bred""",12 808 ₽
https://poizonshop.ru/product/nike-air-force-1-mid-07-1262089?sku=601743262,Nike Air Force 1 Mid 07,15 176 ₽
https://poizonshop.ru/product/nike-air-max-95-japan-1631622?sku=603948344,"Nike Air Max 95 ""Japan""",17 544 ₽
https://poizonshop.ru/product/nike-air-max-bliss-3563731?sku=616132909,Nike Air Max Bliss,17 840 ₽
https://poizonshop.ru/product/nike-dunk-high-retro-prm-emb-world-champ-2811221?sku=611342034,"Nike Dunk High retro prm emb ""world champ""",18 136 ₽
https://poizonshop.ru/product/nike-dunk-high-emb-2694874?sku=610534597,Nike Dunk High EMB,16 064 ₽
https://poizonshop.ru/product/nike-dunk-high-emb-3480659?sku=615652460,Nike Dunk High EMB,11 032 ₽
https://poizonshop.ru/product/nike-air-zoom-gt-jump-2-ep-5412573?sku=626933181,Nike Air Zoom G.T. Jump 2 EP,13 548 ₽ 15 768 ₽
https://poizonshop.ru/product/nike-dunk-high-1985-blue-denim-3086920?sku=613044464,Nike Dunk High 1985 blue denim,11 032 ₽
https://poizonshop.ru/product/nike-dunk-high-1985-sp-yel-acid-wash-1694550?sku=604363004,"Nike Dunk High 1985 SP ""Yel Acid Wash""",9 848 ₽
https://poizonshop.ru/product/albino-preto-x-nike-dunk-sb-low-pro-pearl-white-5061692?sku=624939116,"Albino Preto x Nike Dunk SB Low Pro ""Pearl White""",23 464 ₽
https://poizonshop.ru/product/nike-dunk-low-atomic-teal-3168606?sku=613613691,"Nike Dunk Low ""Atomic Teal""",19 764 ₽
https://poizonshop.ru/product/run-the-jewels-x-nike-dunk-sb-low-3768828?sku=617265306,Run The Jewels x Nike Dunk SB Low,20 800 ₽
https://poizonshop.ru/product/nike-dunk-low-retro-prm-obsidian-graffiti-2686646?sku=611430657,"Nike Dunk Low retro prm ""obsidian graffiti""",13 548 ₽
https://poizonshop.ru/product/nike-dunk-low-fleece-3151433?sku=613509335,"Nike Dunk Low ""Fleece""",26 720 ₽
https://poizonshop.ru/product/nike-air-trainer-1-sp-coriander-2267316?sku=608204183,"Nike Air Trainer 1 SP ""Coriander""",13 844 ₽
https://poizonshop.ru/product/nike-air-force-1-low-luxe-black-gum-1828805?sku=605265518,"Nike Air Force 1 Low Luxe ""black gum""",18 136 ₽ 20 948 ₽
https://poizonshop.ru/product/nike-air-force-1-high-boot-summit-white-2131815?sku=607469047,"Nike Air Force 1 High Boot ""Summit White""",14 436 ₽ 15 028 ₽
https://poizonshop.ru/product/nike-dunk-low-chicago-split-3686020?sku=616819929,"Nike Dunk Low ""Chicago Split""",12 216 ₽ 12 364 ₽
https://poizonshop.ru/product/nike-lunar-force-1-duckboot-3552094?sku=616062019,Nike Lunar force 1 Duckboot,13 548 ₽
https://poizonshop.ru/product/nike-air-max-90-terrascape-white-grey-3116612?sku=613227453,"Nike Air Max 90 Terrascape ""White Grey""",11 624 ₽
https://poizonshop.ru/product/nike-air-force-1-low-cosmic-clay-1240058?sku=601611837,Nike Air Force 1 Low cosmic clay,16 656 ₽
https://poizonshop.ru/product/nike-air-trainer-1-sp-light-smoke-grey-and-honeydew-2409107?sku=608968185,"Nike Air Trainer 1 SP ""Light Smoke Grey and Honeydew""",19 320 ₽
https://poizonshop.ru/product/nike-air-trainer-1-soft-pink-and-coconut-milk-3568099?sku=616163108,"Nike Air Trainer 1 ""Soft Pink and Coconut Milk""",11 032 ₽
https://poizonshop.ru/product/nike-air-trainer-1-sp-dark-smoke-grey-2409469?sku=608970286,"Nike Air Trainer 1 SP ""Dark Smoke Grey""",14 288 ₽ 16 508 ₽
https://poizonshop.ru/product/nike-air-penny-2-football-grey-3514347?sku=615850354,"Nike Air Penny 2 ""Football Grey""",9 848 ₽ 11 476 ₽
https://poizonshop.ru/product/nike-air-force-1-low-experimental-postal-ghost-1383621?sku=602424100,"Nike Air Force 1 Low Experimental ""postal ghost""",20 504 ₽
https://poizonshop.ru/product/nike-dunk-high-1985-sp-black-acid-wash-1673776?sku=604227575,"Nike Dunk High 1985 sp ""black acid wash""",11 624 ₽
https://poizonshop.ru/product/nike-lunar-force-1-duckboot-3140900?sku=613433442,Nike Lunar force 1 Duckboot,13 696 ₽
https://poizonshop.ru/product/ambush-x-nike-air-adjust-force-sp-black-3038544?sku=612752312,"AMBUSH x Nike Air Adjust Force sp ""black""",14 436 ₽
https://poizonshop.ru/product/nike-lunar-force-1-5875232?sku=630153418,Nike Lunar force 1,11 920 ₽ 12 512 ₽
https://poizonshop.ru/product/nike-air-force-1-low-light-smoke-grey-3568105?sku=616163210,"Nike Air Force 1 Low ""Light Smoke Grey""",15 176 ₽
https://poizonshop.ru/product/nike-air-force-1-low-tread-in-the-clouds-3660340?sku=616681565,"Nike Air Force 1 Low ""Tread in the Clouds""",16 508 ₽
https://poizonshop.ru/product/nike-downshifter-11-1414429?sku=602596408,Nike Downshifter 11,10 884 ₽
https://poizonshop.ru/product/nike-kobe-mentality-2-2292028?sku=608326127,Nike Kobe Mentality 2,33 084 ₽
https://poizonshop.ru/product/nike-legend-9-academy-tf-2292612?sku=608328999,Nike Legend 9 Academy TF,12 216 ₽
https://poizonshop.ru/product/nike-legend-9-academy-ag-2292621?sku=608329100,Nike Legend 9 Academy AG,14 732 ₽
https://poizonshop.ru/product/nike-tiempo-legend-9-academy-tf-3026042?sku=612670424,Nike Tiempo Legend 9 Academy TF,11 772 ₽
https://poizonshop.ru/product/nike-tiempo-legend-9-academy-mg-3009997?sku=612573615,Nike Tiempo Legend 9 Academy MG,19 616 ₽
https://poizonshop.ru/product/nike-victory-3010834?sku=612577615,Nike Victory,16 952 ₽
https://poizonshop.ru/product/nike-air-max-systm-3010923?sku=612578403,Nike Air Max SYSTM,9 108 ₽
https://poizonshop.ru/product/nike-air-zoom-vapor-15-15-academy-tf-3010220?sku=612574227,Nike Air Zoom Vapor 15 15 Academy TF,21 096 ₽
https://poizonshop.ru/product/nike-dunk-low-okhr-3012321?sku=612588943,Nike Dunk Low OKHR,27 904 ₽
https://poizonshop.ru/product/nike-air-max-dawn-3012330?sku=612589095,Nike Air Max Dawn,9 552 ₽
https://poizonshop.ru/product/nike-air-max-dawn-3015492?sku=612603630,Nike Air Max Dawn,15 176 ₽
https://poizonshop.ru/product/nike-waffle-debut-2766548?sku=611027107,Nike Waffle debut,14 436 ₽
https://poizonshop.ru/product/nike-air-more-uptempo-i-got-next-air-2767134?sku=611031966,Nike Air More Uptempo I Got Next Air,21 540 ₽
https://poizonshop.ru/product/nike-mercurial-vapor-14-14-pro-hg-2763592?sku=611006867,Nike Mercurial Vapor 14 14 Pro HG,13 400 ₽
https://poizonshop.ru/product/nike-brsb-2767678?sku=611035665,Nike BRSB,9 996 ₽
https://poizonshop.ru/product/nike-air-force-1-low-world-champ-2767687?sku=611035738,Nike Air Force 1 Low world champ,23 316 ₽
https://poizonshop.ru/product/nike-air-force-1-low-certified-fresh-2767709?sku=611035808,"Nike Air Force 1 Low ""Certified Fresh""",14 584 ₽
https://poizonshop.ru/product/nike-air-force-1-low-malachite-2767800?sku=611036219,"Nike Air Force 1 Low ""Malachite""",20 356 ₽
https://poizonshop.ru/product/nike-blazer-mid-edge-2767852?sku=611036514,Nike Blazer Mid Edge,7 805 ₽
https://poizonshop.ru/product/nike-blazer-mid-court-prm-2758067?sku=610964632,Nike Blazer Mid Court PRM,12 364 ₽
https://poizonshop.ru/product/nike-court-legacy-cnvs-nn-2757274?sku=610959485,Nike Court Legacy CNVS NN,7 628 ₽
https://poizonshop.ru/product/nike-air-zoom-vomero-16-2758257?sku=610965171,Nike Air Zoom Vomero 16,16 952 ₽
https://poizonshop.ru/product/faust-x-nike-dunk-sb-high-pro-qs-2762104?sku=610997900,FAUST x Nike Dunk SB High Pro QS,22 280 ₽
https://poizonshop.ru/product/nike-blazer-low-77-jumbo-2765148?sku=611016360,Nike Blazer Low '77 Jumbo,10 292 ₽
https://poizonshop.ru/product/nike-ispa-link-barley-and-desert-moss-2765192?sku=611016766,"Nike ISPA Link ""Barley and Desert Moss""",16 508 ₽
https://poizonshop.ru/product/nike-waffle-one-2765022?sku=611014814,Nike Waffle One,9 848 ₽
https://poizonshop.ru/product/nike-pegasus-trail-4-2829189?sku=611460172,Nike Pegasus Trail 4,11 920 ₽
https://poizonshop.ru/product/nike-invincible-run-2-2829341?sku=611461786,Nike Invincible Run 2,19 172 ₽
https://poizonshop.ru/product/nike-dunk-low-retro-coconut-milk-2834250?sku=611494683,"Nike Dunk Low Retro ""Coconut Milk""",25 684 ₽
https://poizonshop.ru/product/nike-phantom-gt-2-academy-hg-2864523?sku=611687400,Nike Phantom GT 2 Academy HG,13 844 ₽
https://poizonshop.ru/product/nike-vista-2864527?sku=611687457,Nike Vista,6 577 ₽
https://poizonshop.ru/product/nike-dunk-low-retro-se-lottery-jackpot-2843821?sku=611564749,"Nike Dunk Low Retro SE ""Lottery"" Jackpot",16 952 ₽
https://poizonshop.ru/product/nike-precision-6-6-2843593?sku=611562621,Nike Precision 6 6,11 920 ₽
https://poizonshop.ru/product/nike-dunk-low-2854693?sku=611620281,Nike Dunk Low,23 464 ₽
https://poizonshop.ru/product/nike-air-zoom-terra-kiger-8-2856604?sku=611632433,Nike Air Zoom Terra Kiger 8,13 696 ₽
https://poizonshop.ru/product/nike-lebron-19-19-fast-food-2860471?sku=611657590,Nike Lebron 19 19 Fast Food,18 284 ₽
https://poizonshop.ru/product/nike-sb-delta-force-vulc-2863362?sku=611674859,Nike SB Delta Force VULC,17 988 ₽
https://poizonshop.ru/product/nike-court-royale-2-2863130?sku=611671704,Nike Court Royale 2,7 924 ₽
https://poizonshop.ru/product/nike-air-force-1-low-07-lv8-emb-2861196?sku=611661458,Nike Air Force 1 Low '07 lv8 emb,18 136 ₽
https://poizonshop.ru/product/nike-air-more-uptempo-air-2861233?sku=611662141,Nike Air More Uptempo AIR,25 388 ₽
https://poizonshop.ru/product/nike-air-force-1-low-07-2862072?sku=611667023,Nike Air Force 1 Low 07,16 656 ₽
https://poizonshop.ru/product/nike-air-zoom-pegasus-39-2947956?sku=612212215,Nike Air Zoom Pegasus 39,12 364 ₽
https://poizonshop.ru/product/nike-sb-chron-2-2948294?sku=612215790,Nike SB Chron 2,8 960 ₽
https://poizonshop.ru/product/nike-air-max-intrlk-2656309?sku=610302845,Nike Air Max INTRLK,13 252 ₽
https://poizonshop.ru/product/nike-air-force-1-low-07-lv8-ghost-swoosh-2659284?sku=610323156,"Nike Air Force 1 Low 07 lv8 ""ghost swoosh""",16 212 ₽
https://poizonshop.ru/product/nike-air-max-97-coconut-milk-2658683?sku=610318851,"Nike Air Max 97 ""Coconut Milk""",24 056 ₽
https://poizonshop.ru/product/nike-air-force-1-low-07-lv8-nn-sun-club-2667707?sku=610372770,"Nike Air Force 1 Low 07 lv8 nn ""sun club""",16 064 ₽
https://poizonshop.ru/product/nike-kyrie-8-infinity-ep-8-2642015?sku=610228930,Nike Kyrie 8 Infinity EP 8,15 472 ₽
https://poizonshop.ru/product/nike-dunk-low-retro-kermit-2648045?sku=610261265,"Nike Dunk Low Retro ""kermit""",14 288 ₽
https://poizonshop.ru/product/nike-acg-moc-35-2647967?sku=610256096,Nike ACG Moc 3.5,9 700 ₽
https://poizonshop.ru/product/nike-air-force-1-low-07-prm-nn-2639855?sku=610216257,Nike Air Force 1 Low 07 PRM NN,12 808 ₽
https://poizonshop.ru/product/nike-air-kukini-se-lemon-venom-and-aurora-2639871?sku=610216422,"Nike Air Kukini SE ""Lemon Venom and Aurora""",12 808 ₽
https://poizonshop.ru/product/nike-kyrie-8-infinity-keep-sue-fresh-8-2671122?sku=610390116,"Nike Kyrie 8 Infinity ""Keep Sue Fresh"" 8",15 324 ₽
https://poizonshop.ru/product/nike-air-force-1-low-07-2666044?sku=610364431,Nike Air Force 1 Low '07,24 056 ₽
https://poizonshop.ru/product/nike-air-force-1-low-07-2666129?sku=610365052,Nike Air Force 1 Low 07,16 952 ₽
https://poizonshop.ru/product/nike-zoom-rival-d-10-2664538?sku=610352202,Nike Zoom Rival D 10,10 292 ₽
https://poizonshop.ru/product/nike-acg-mountain-fly-low-se-2664158?sku=610348156,Nike ACG Mountain Fly Low SE,15 324 ₽
https://poizonshop.ru/product/nike-zoom-pegasus-flyease-2672471?sku=610398248,Nike zoom pegasus flyease,19 616 ₽
https://poizonshop.ru/product/nike-air-force-1-low-2547516?sku=609696689,Nike Air Force 1 Low,22 576 ₽
https://poizonshop.ru/product/nike-legend-9-academy-ag-2548560?sku=609703272,Nike Legend 9 Academy AG,15 768 ₽
https://poizonshop.ru/product/nike-tiger-woods-20-wide-2549496?sku=609709463,Nike Tiger Woods '20 Wide,15 324 ₽
https://poizonshop.ru/product/nike-legend-9-club-ic-2562878?sku=609774548,Nike Legend 9 Club IC,10 588 ₽
https://poizonshop.ru/product/nike-air-zoom-infinity-tour-next-w-2660135?sku=610326539,Nike Air Zoom Infinity Tour NEXT W,13 548 ₽
https://poizonshop.ru/product/nike-oneonta-sandal-2661071?sku=610331936,Nike Oneonta Sandal,8 072 ₽
https://poizonshop.ru/product/nike-dunk-low-retro-hyper-cobalt-2645876?sku=610245098,"Nike Dunk Low Retro ""Hyper Cobalt""",33 084 ₽
https://poizonshop.ru/product/nike-huarache-2640674?sku=610220922,Nike Huarache,14 732 ₽
https://poizonshop.ru/product/nike-air-max-1-premium-just-do-it-2637733?sku=610205763,"Nike Air Max 1 Premium ""Just Do It""",13 696 ₽
https://poizonshop.ru/product/nike-pegasus-trail-3-gtx-2642494?sku=610231533,Nike pegasus trail 3 gtx,13 844 ₽
https://poizonshop.ru/product/nike-victori-one-2642601?sku=610231913,Nike Victori One,6 148 ₽
https://poizonshop.ru/product/nike-mercurial-superfly-5-fg-2651897?sku=610278153,Nike Mercurial Superfly 5 FG,49 216 ₽
https://poizonshop.ru/product/nike-blazer-mid-2652785?sku=610283999,Nike Blazer Mid,9 256 ₽
https://poizonshop.ru/product/nike-zoom-rival-fly-3-2653315?sku=610285402,Nike Zoom Rival Fly 3,15 176 ₽
https://poizonshop.ru/product/nike-zoomx-invincible-run-fk-2-2662507?sku=610341578,Nike zoomx invincible run fk 2,18 136 ₽
https://poizonshop.ru/product/nike-revolution-6-next-nature-2609351?sku=610049252,Nike REVOLUTION 6 Next Nature,11 920 ₽
https://poizonshop.ru/product/nike-air-force-1-low-football-grey-2603023?sku=610012036,Nike Air Force 1 Low Football Grey,16 952 ₽
https://poizonshop.ru/product/nike-phantom-gt2-dynamic-fit-elite-fg-2605345?sku=610022553,Nike Phantom GT2 Dynamic Fit Elite FG,30 716 ₽
https://poizonshop.ru/product/social-status-x-nike-air-max-penny-2-2617841?sku=610095777,Social Status x Nike Air Max Penny 2,17 544 ₽
https://poizonshop.ru/product/nike-acg-air-deschutz-2674622?sku=610410180,Nike ACG Air Deschutz+,7 494 ₽
https://poizonshop.ru/product/nike-react-vapor-nxt-hc-2686138?sku=610487497,Nike React Vapor NXT HC,18 284 ₽
https://poizonshop.ru/product/nike-phantom-gt2-elite-fg-2686173?sku=610487683,Nike Phantom GT2 Elite FG,28 496 ₽
https://poizonshop.ru/product/nike-dunk-high-obsidian-2686770?sku=610490082,"Nike Dunk High ""Obsidian""",18 728 ₽
https://poizonshop.ru/product/nike-air-max-97-terrascape-2686357?sku=610488327,Nike Air Max 97 Terrascape,18 136 ₽
https://poizonshop.ru/product/nike-quest-5-2687421?sku=610493231,Nike Quest 5,8 220 ₽
https://poizonshop.ru/product/nike-dunk-low-hyperflat-black-and-multi-color-6609601?sku=635416441,"Nike Dunk Low ""Hyperflat"" Black and Multi-Color",20 652 ₽
https://poizonshop.ru/product/nike-dunk-low-premium-oil-green-4391066?sku=620919089,"Nike Dunk Low Premium ""Oil Green""",14 436 ₽ 14 732 ₽
https://poizonshop.ru/product/nike-dunk-low-se-black-multi-camo-1362294?sku=602304761,"Nike Dunk Low SE ""Black Multi-Camo""",16 804 ₽
https://poizonshop.ru/product/nike-acg-mountain-fly-low-gtx-se-2418854?sku=609019887,Nike ACG Mountain Fly Low GTX SE,15 620 ₽ 18 136 ₽
https://poizonshop.ru/product/nike-air-zoom-vomero-5-sail-5150841?sku=625459894,"Nike Air Zoom Vomero 5 ""Sail""",15 324 ₽
https://poizonshop.ru/product/nike-dunk-low-4464000?sku=621393698,Nike Dunk Low,15 472 ₽
https://poizonshop.ru/product/nike-air-force-1-low-gore-tex-escape-1722843?sku=604547231,"Nike Air Force 1 Low Gore-Tex ""escape""",14 584 ₽
https://poizonshop.ru/product/nike-air-force-1-low-halloween-5610248?sku=628281729,"Nike Air Force 1 Low ""Halloween""",16 064 ₽
https://poizonshop.ru/product/nike-dunk-low-setsubun-2428111?sku=609069334,"Nike Dunk Low ""Setsubun""",20 948 ₽
https://poizonshop.ru/product/nike-air-force-1-low-summit-white-1948901?sku=606090108,Nike Air Force 1 Low summit white,14 436 ₽ 15 028 ₽
https://poizonshop.ru/product/nike-air-max-90-terrascape-3122091?sku=613265309,Nike Air Max 90 Terrascape,12 068 ₽
https://poizonshop.ru/product/nike-dunk-sb-low-pro-iso-white-gum-3225973?sku=613935780,"Nike Dunk SB Low pro iso ""white gum""",24 056 ₽
https://poizonshop.ru/product/concepts-x-nike-air-max-1-sp-heavy-2409150?sku=608968402,"CONCEPTS x Nike Air Max 1 sp ""heavy""",25 832 ₽
https://poizonshop.ru/product/nike-air-max-1-honey-dew-3151612?sku=613510976,Nike Air Max 1 'Honey Dew',14 436 ₽ 14 584 ₽
https://poizonshop.ru/product/jacquemus-x-nike-air-humara-3392810?sku=615090022,Jacquemus x Nike Air Humara,19 912 ₽
https://poizonshop.ru/product/off-white-x-nike-acg-air-terra-forma-3698824?sku=616891518,OFF-WHITE x Nike ACG Air Terra Forma,25 684 ₽ 33 084 ₽
https://poizonshop.ru/product/fly-streetwear-x-nike-dunk-sb-low-gardenia-3642546?sku=616577456,"Fly Streetwear x Nike Dunk SB Low ""Gardenia""",31 308 ₽
https://poizonshop.ru/product/nike-initiator-1092249?sku=600651014,Nike Initiator,13 400 ₽
https://poizonshop.ru/product/nike-initiator-1004686?sku=600028886,Nike Initiator,9 108 ₽ 9 256 ₽
https://poizonshop.ru/product/nike-zoom-2k-22329?sku=133968613,Nike Zoom 2K,8 664 ₽ 8 960 ₽
https://poizonshop.ru/product/nike-calm-slide-sail-3919182?sku=618093149,"Nike Calm Slide ""Sail""",7 924 ₽
https://poizonshop.ru/product/nike-calm-slide-sesame-3919772?sku=618094790,"Nike Calm Slide ""Sesame""",7 924 ₽
https://poizonshop.ru/product/nike-air-max-1-86-big-bubble-3988676?sku=618472570,"Nike Air Max 1 '86 ""Big Bubble""",14 584 ₽
https://poizonshop.ru/product/nike-calm-slide-3919781?sku=618094818,Nike Calm Slide,7 435 ₽ 7 450 ₽
https://poizonshop.ru/product/nike-air-max-tailwind-60656?sku=363930613,Nike Air Max Tailwind,22 724 ₽
https://poizonshop.ru/product/undefeated-x-nike-air-force-1-low-3171754?sku=613633308,UNDEFEATED x Nike Air Force 1 Low,13 548 ₽
https://poizonshop.ru/product/nocta-x-nike-hot-step-air-terra-triple-black-2377817?sku=608773761,"NOCTA x Nike Hot Step Air Terra ""Triple Black""",31 160 ₽
https://poizonshop.ru/product/mmw-x-nike-zoom-004-rust-factor-1488389?sku=603049740,mmw x Nike zoom 004 rust factor,32 788 ₽
https://poizonshop.ru/product/nike-dunk-low-ironstone-3709781?sku=616943482,"Nike Dunk Low ""Ironstone""",31 456 ₽
https://poizonshop.ru/product/off-white-x-nike-acg-air-terra-forma-3698829?sku=616891572,OFF-WHITE x Nike ACG Air Terra Forma,21 836 ₽
https://poizonshop.ru/product/nike-air-max-90-terrascape-rattan-2457374?sku=609246083,"Nike Air Max 90 terrascape ""rattan""",11 772 ₽ 12 068 ₽
https://poizonshop.ru/product/nike-air-force-1-low-07-1237477?sku=601596874,Nike Air Force 1 Low 07,13 992 ₽ 14 140 ₽
https://poizonshop.ru/product/clot-x-sacai-x-nike-waffle-1818007?sku=605191472,clot x sacai x Nike Waffle,26 424 ₽
https://poizonshop.ru/product/nike-air-max-97-2144276?sku=607544061,Nike Air Max 97,12 364 ₽
https://poizonshop.ru/product/nike-air-max-720-horizo-n-56490?sku=338934613,Nike Air Max 720 Horizo n,24 204 ₽
https://poizonshop.ru/product/nike-cosmic-unity-1312212?sku=602033195,Nike Cosmic Unity,12 216 ₽
https://poizonshop.ru/product/clot-x-sacai-x-nike-ldwaffle-1521765?sku=603245321,CLOT x Sacai x Nike LDWaffle,16 360 ₽
https://poizonshop.ru/product/nike-dunk-low-ess-reverse-unc-2795856?sku=611239813,"Nike Dunk Low ESS ""Reverse UNC""",31 604 ₽
https://poizonshop.ru/product/nocta-x-nike-air-force-1-low-certified-lover-boy-drake-2585070?sku=609901208,NOCTA x Nike Air Force 1 Low certified lover boy Drake,18 580 ₽
https://poizonshop.ru/product/nike-air-zoom-vomero-5-anthracite-black-24062?sku=144366613,Nike Air Zoom Vomero 5 anthracite black,14 140 ₽ 14 584 ₽
https://poizonshop.ru/product/nike-tanjun-2948366?sku=612216832,Nike Tanjun,7 480 ₽
https://poizonshop.ru/product/nike-free-run-20-2934847?sku=612127643,Nike Free Run 2.0,8 368 ₽
https://poizonshop.ru/product/nike-run-swift-2-2934859?sku=612128073,Nike Run Swift 2,9 404 ₽
https://poizonshop.ru/product/nike-offcourt-slide-2934900?sku=612128463,Nike Offcourt Slide,7 613 ₽
https://poizonshop.ru/product/nike-dunk-low-next-nature-2939709?sku=612157107,Nike Dunk Low Next Nature,12 216 ₽
https://poizonshop.ru/product/nike-air-force-1-low-07-2942474?sku=612175366,Nike Air Force 1 Low '07,16 310 ₽
https://poizonshop.ru/product/nike-air-force-1-low-certified-fresh-2944107?sku=612191942,"Nike Air Force 1 Low ""Certified Fresh""",22 576 ₽
https://poizonshop.ru/product/stussy-x-nike-air-max-fossil-2944409?sku=612192680,"Stussy x Nike Air Max ""fossil""",31 160 ₽
https://poizonshop.ru/product/nike-air-force-1-low-snkrs-day-2944332?sku=612192624,Nike Air Force 1 Low SNKRS Day,17 100 ₽
https://poizonshop.ru/product/nike-zoom-ja-fly-3-2945282?sku=612201806,Nike Zoom JA Fly 3,25 980 ₽
https://poizonshop.ru/product/nike-air-force-1-low-07-2946665?sku=612205146,Nike Air Force 1 Low '07,15 768 ₽
https://poizonshop.ru/product/nike-sb-delta-2911531?sku=611996584,Nike SB Delta,17 988 ₽
https://poizonshop.ru/product/nike-air-pegasus-2954443?sku=612251105,Nike Air Pegasus,9 552 ₽
https://poizonshop.ru/product/nike-zoom-rival-waffle-5-2954499?sku=612251640,Nike Zoom Rival Waffle 5,15 028 ₽
https://poizonshop.ru/product/nike-air-zoom-pegasus-39-2953639?sku=612243889,Nike Air Zoom Pegasus 39,17 840 ₽
https://poizonshop.ru/product/nike-acg-air-deschutz-2953657?sku=612244016,Nike ACG Air Deschutz+,9 996 ₽
https://poizonshop.ru/product/nike-dunk-low-okhr-2949592?sku=612223898,Nike Dunk Low OKHR,29 976 ₽
https://poizonshop.ru/product/nike-dunk-low-retro-okhr-vibe-2949717?sku=612224970,Nike Dunk Low retro OKHR Vibe,28 644 ₽
https://poizonshop.ru/product/nike-zoom-rival-fly-3-2949356?sku=612221954,Nike Zoom Rival Fly 3,11 328 ₽
https://poizonshop.ru/product/nike-dunk-low-retro-okhr-2949494?sku=612223208,Nike Dunk Low Retro OKHR,28 052 ₽
https://poizonshop.ru/product/nike-infinity-pro-2-wide-2948470?sku=612217534,Nike Infinity Pro 2 Wide,10 588 ₽
https://poizonshop.ru/product/nike-sb-force-58-prm-l-2948542?sku=612218463,Nike SB Force 58 prm l,11 365 ₽
https://poizonshop.ru/product/nike-air-force-1-low-07-2925405?sku=612075534,Nike Air Force 1 Low 07,22 576 ₽
https://poizonshop.ru/product/peaceminusone-x-nike-kwondo-1-40-2925274?sku=612074263,Peaceminusone x Nike Kwondo 1 4.0,16 212 ₽
https://poizonshop.ru/product/nike-tiempo-legend-9-elite-ag-2925323?sku=612074608,Nike Tiempo Legend 9 Elite AG,24 056 ₽
https://poizonshop.ru/product/nike-tiempo-legend-9-elite-fg-2925333?sku=612074682,Nike Tiempo Legend 9 Elite FG,32 936 ₽
https://poizonshop.ru/product/nike-dunk-low-retro-coconut-milk-2925362?sku=612075089,"Nike Dunk Low Retro ""Coconut Milk""",25 092 ₽
https://poizonshop.ru/product/nike-free-rn-50-2927724?sku=612087754,Nike Free RN 5.0,16 212 ₽
https://poizonshop.ru/product/nike-air-force-1-low-2927059?sku=612083416,Nike Air Force 1 Low,22 724 ₽ 23 612 ₽
https://poizonshop.ru/product/crushed-dc-x-nike-dunk-sb-low-pro-2935722?sku=612139450,Crushed D.C x Nike Dunk SB Low pro,28 792 ₽
https://poizonshop.ru/product/nike-sb-shane-lucky-green-2934794?sku=612127437,"Nike SB Shane ""Lucky Green""",10 440 ₽
https://poizonshop.ru/product/nike-zoom-winflo-9-2979116?sku=612401368,Nike Zoom Winflo 9,11 032 ₽
https://poizonshop.ru/product/nike-air-zoom-vomero-16-2979118?sku=612401459,Nike Air Zoom Vomero 16,13 400 ₽
https://poizonshop.ru/product/nike-air-zoom-pegasus-39-2987249?sku=612445617,Nike Air Zoom Pegasus 39,13 400 ₽
https://poizonshop.ru/product/nike-air-force-1-low-whiteblack-2987292?sku=612446473,"Nike Air Force 1 Low ""WhiteBlack""",21 984 ₽
https://poizonshop.ru/product/union-la-x-nike-cortez-sp-lemon-frost-3003717?sku=612540169,"Union LA x Nike Cortez sp ""lemon frost""",28 496 ₽
https://poizonshop.ru/product/huf-x-nike-dunk-sb-low-san-francisco-3003083?sku=612534790,"HUF x Nike Dunk SB Low ""San Francisco""",30 864 ₽
https://poizonshop.ru/product/nike-air-trainer-1-ale-brown-2956718?sku=612266782,"Nike Air Trainer 1 ""Ale Brown""",12 216 ₽
https://poizonshop.ru/product/nike-waffle-one-2968749?sku=612331457,Nike Waffle One,9 256 ₽
https://poizonshop.ru/product/nike-spark-flyknit-2969057?sku=612333760,Nike Spark Flyknit,21 244 ₽
https://poizonshop.ru/product/nike-air-force-1-low-gore-tex-2252062?sku=608125451,Nike Air Force 1 Low Gore-Tex,33 084 ₽
https://poizonshop.ru/product/nike-zoom-winflo-8-2252075?sku=608125537,Nike Zoom Winflo 8,16 064 ₽
https://poizonshop.ru/product/nike-pegasus-38-2252111?sku=608125921,Nike Pegasus 38,14 436 ₽
https://poizonshop.ru/product/nike-sb-ishod-2385692?sku=608811233,Nike SB Ishod,12 216 ₽
https://poizonshop.ru/product/nike-witness-6-ep-2394193?sku=608879699,Nike Witness 6 EP,10 292 ₽
https://poizonshop.ru/product/nike-vapor-14-14-academy-tf-2550986?sku=609715081,Nike Vapor 14 14 Academy TF,15 324 ₽
https://poizonshop.ru/product/nike-dunk-low-retro-vibe-2587853?sku=609916456,Nike Dunk Low Retro Vibe,27 164 ₽
https://poizonshop.ru/product/nike-kd-14-nrg-ep-valentines-day-14-2581052?sku=609879977,"Nike KD 14 NRG EP ""Valentine's Day"" 14",17 100 ₽
https://poizonshop.ru/product/nike-zoom-winflo-8-2581289?sku=609881135,Nike Zoom Winflo 8,16 804 ₽
https://poizonshop.ru/product/nike-air-force-1-low-07-lx-light-bone-and-coconut-milk-swoosh-2586735?sku=609910279,"Nike Air Force 1 Low '07 LX ""Light Bone and Coconut Milk"" Swoosh",13 104 ₽
https://poizonshop.ru/product/nike-react-infinity-run-fk-3-2591924?sku=609938593,Nike react infinity run fk 3,19 764 ₽
https://poizonshop.ru/product/nike-kyrie-8-infinity-ep-man-machine-8-2544684?sku=609680695,"Nike Kyrie 8 Infinity EP ""Man Machine"" 8",15 472 ₽
https://poizonshop.ru/product/nike-kyrie-8-infinity-ep-future-past-8-2544734?sku=609681226,"Nike Kyrie 8 Infinity EP ""Future Past"" 8",13 696 ₽
https://poizonshop.ru/product/tom-sachs-x-nikecraft-general-purpose-shoe-archive-40-2552733?sku=609722849,"Tom Sachs x NikeCraft General Purpose Shoe ""Archive"" 4.0",21 984 ₽
https://poizonshop.ru/product/nike-air-zoom-tempo-next-2556780?sku=609747650,Nike Air Zoom Tempo Next,25 536 ₽
https://poizonshop.ru/product/nike-go-flyease-2556839?sku=609747867,Nike Go FlyEase,16 064 ₽
https://poizonshop.ru/product/nike-air-force-1-low-2598759?sku=609982028,Nike Air Force 1 Low,22 724 ₽
https://poizonshop.ru/product/nike-air-force-1-low-07-ess-olive-paisley-2598152?sku=609976254,"Nike Air Force 1 Low '07 ESS ""Olive Paisley""",14 436 ₽
https://poizonshop.ru/product/nike-air-max-1-treeline-2598159?sku=609976353,Nike Air Max 1 Treeline,18 728 ₽
https://poizonshop.ru/product/nike-sb-shane-2616064?sku=610084666,Nike SB Shane,13 844 ₽
https://poizonshop.ru/product/nike-air-zoom-pegasus-39-2628117?sku=610151182,Nike Air Zoom Pegasus 39,14 140 ₽
https://poizonshop.ru/product/nike-sb-shane-2627958?sku=610149086,Nike SB Shane,9 404 ₽
https://poizonshop.ru/product/nike-air-max-dawn-2627974?sku=610149161,Nike Air Max Dawn,16 804 ₽
https://poizonshop.ru/product/nike-air-force-1-low-07-pecan-2625096?sku=610135369,"Nike Air Force 1 Low 07 ""pecan""",15 324 ₽
https://poizonshop.ru/product/nike-air-force-1-high-vintage-sail-2624954?sku=610134454,"Nike Air Force 1 High Vintage ""Sail""",15 176 ₽
https://poizonshop.ru/product/nike-phantom-gt2-academy-tf-2628234?sku=610151554,Nike Phantom GT2 Academy TF,13 696 ₽
https://poizonshop.ru/product/nike-air-max-pre-day-2620072?sku=610105428,Nike Air Max Pre-Day,10 588 ₽
https://poizonshop.ru/product/nike-air-force-1-low-07-lv8-nn-sun-club-2620179?sku=610106597,"Nike Air Force 1 Low 07 LV8 NN ""Sun Club""",13 548 ₽
https://poizonshop.ru/product/nike-dunk-disrupt-2-2624042?sku=610130285,Nike Dunk Disrupt 2,19 320 ₽
https://poizonshop.ru/product/nike-air-force-1-low-07-2628862?sku=610156290,Nike Air Force 1 Low 07,22 724 ₽
https://poizonshop.ru/product/nike-sb-chron-2-2628875?sku=610156438,Nike SB Chron 2,8 220 ₽
https://poizonshop.ru/product/nike-asuna-2-2628876?sku=610156469,Nike Asuna 2,7 568 ₽
https://poizonshop.ru/product/nba-x-nike-sb-ishod-75-2629058?sku=610157985,NBA x Nike SB Ishod 75,13 252 ₽
https://poizonshop.ru/product/nike-space-hippie-04-2607167?sku=610038785,Nike space hippie 04,12 660 ₽
https://poizonshop.ru/product/nike-air-zoom-victory-more-uptempo-2608887?sku=610046431,Nike air zoom victory more uptempo,23 760 ₽
https://poizonshop.ru/product/nike-dunk-low-2614462?sku=610075280,Nike Dunk Low,12 216 ₽ 14 288 ₽
https://poizonshop.ru/product/nike-asuna-2-2615992?sku=610083937,Nike Asuna 2,7 924 ₽
https://poizonshop.ru/product/nike-zoom-winflo-9-2615994?sku=610083952,Nike Zoom Winflo 9,10 440 ₽
https://poizonshop.ru/product/nike-air-zoom-victory-tour-2-2636604?sku=610200625,Nike Air Zoom Victory Tour 2,12 808 ₽
https://poizonshop.ru/product/nike-react-infinity-run-flyknit-3-2656413?sku=610304389,Nike React Infinity Run Flyknit 3,14 140 ₽
https://poizonshop.ru/product/nike-terminator-high-george-town-2022-2687503?sku=610493825,"Nike Terminator High ""George Town"" 2022",16 656 ₽
https://poizonshop.ru/product/nike-air-zoom-pegasus-39-2687274?sku=610492101,Nike Air Zoom Pegasus 39,13 748 ₽
https://poizonshop.ru/product/nike-kyrie-infinity-8-2689652?sku=610506040,Nike Kyrie Infinity 8,16 804 ₽
https://poizonshop.ru/product/nike-air-zoom-infinity-tour-next-w-2649518?sku=610266514,Nike Air Zoom Infinity Tour NEXT W,19 616 ₽
https://poizonshop.ru/product/nike-flex-experience-run-11-nn-2648922?sku=610264413,Nike Flex Experience Run 11 NN,10 292 ₽
https://poizonshop.ru/product/nike-dunk-low-retro-2963023?sku=612304214,Nike Dunk Low Retro,24 204 ₽
https://poizonshop.ru/product/nike-dunk-low-scrap-2956298?sku=612262466,Nike Dunk Low Scrap,29 384 ₽
https://poizonshop.ru/product/nike-air-zoom-vomero-16-2955303?sku=612257171,Nike Air Zoom Vomero 16,11 920 ₽
https://poizonshop.ru/product/nike-dunk-high-fossil-stone-2992953?sku=612481497,Nike Dunk High Fossil Stone,20 652 ₽
https://poizonshop.ru/product/nike-acg-lowcate-2989623?sku=612459564,Nike ACG Lowcate,11 032 ₽
https://poizonshop.ru/product/nike-kyrie-infinity-one-world-one-people-ep-8-2990004?sku=612463461,"Nike Kyrie Infinity ""One World One People"" EP 8",14 436 ₽
https://poizonshop.ru/product/nike-acg-air-deschutz-2989848?sku=612461971,Nike ACG Air Deschutz+,16 656 ₽
https://poizonshop.ru/product/nike-zoom-flight-95-true-red-3014834?sku=612601632,Nike Zoom Flight 95 True Red,19 912 ₽
https://poizonshop.ru/product/nike-air-zoom-maxfly-3014928?sku=612602465,Nike Air Zoom Maxfly,33 084 ₽
https://poizonshop.ru/product/nike-mercurial-vapor-14-mercurial-14-academy-hg-3016480?sku=612610466,Nike Mercurial Vapor 14 Mercurial 14 Academy HG,16 804 ₽
https://poizonshop.ru/product/nike-air-zoom-pegasus-39-3016319?sku=612608947,Nike Air Zoom Pegasus 39,19 764 ₽
https://poizonshop.ru/product/nike-air-zoom-vapor-15-15-academy-fgmg-fg-3020391?sku=612634457,Nike Air Zoom Vapor 15 15 Academy FGMG FG-,18 580 ₽
https://poizonshop.ru/product/nike-phantom-gt-2-academy-tf-3020251?sku=612633077,Nike Phantom GT 2 Academy TF-,18 284 ₽
https://poizonshop.ru/product/nike-zoomx-streakfly-3019744?sku=612631202,Nike ZoomX Streakfly,17 544 ₽
https://poizonshop.ru/product/nike-air-zoom-lj-elite-3006431?sku=612556498,Nike air zoom lj elite,13 696 ₽
https://poizonshop.ru/product/nike-zoomx-zegama-trail-3006138?sku=612554377,Nike ZoomX Zegama Trail,10 736 ₽
https://poizonshop.ru/product/nike-flytrap-5-kyrie-3006706?sku=612558156,Nike Flytrap 5 Kyrie,14 584 ₽
https://poizonshop.ru/product/nike-court-vision-1-low-3011171?sku=613994959,Nike Court Vision 1 Low,15 176 ₽
https://poizonshop.ru/product/nike-tiempo-legend-9-elite-fg-3011397?sku=612582034,Nike Tiempo Legend 9 Elite FG,25 536 ₽
https://poizonshop.ru/product/nike-air-zoom-vapor-15-mercurial-15-elite-fg-3011403?sku=612582127,Nike Air Zoom Vapor 15 Mercurial 15 Elite FG,30 804 ₽
https://poizonshop.ru/product/nike-air-force-1-low-07-okhr-vibe-3018255?sku=612620767,Nike Air Force 1 Low 07 OKHR Vibe,22 724 ₽
https://poizonshop.ru/product/nike-flytrap-5-kyrie-3018867?sku=612626298,Nike Flytrap 5 Kyrie,15 472 ₽
https://poizonshop.ru/product/nike-air-force-1-low-3021359?sku=612639412,Nike Air Force 1 Low,21 096 ₽
https://poizonshop.ru/product/nike-tiempo-legend-9-academy-tf-3021483?sku=612640849,Nike Tiempo Legend 9 Academy TF-,22 576 ₽
https://poizonshop.ru/product/nike-free-rn-2018-2018-2922227?sku=612056664,Nike Free RN 2018 2018,11 772 ₽
https://poizonshop.ru/product/nike-2930592?sku=612106124,Nike,13 548 ₽
https://poizonshop.ru/product/nike-waffle-debut-2931655?sku=612110053,Nike Waffle debut,9 848 ₽
https://poizonshop.ru/product/nike-acg-mountain-fly-low-se-2912896?sku=612008817,Nike ACG Mountain Fly Low SE,25 240 ₽
https://poizonshop.ru/product/nike-air-force-1-low-los-angeles-2914283?sku=612016048,Nike Air Force 1 Low los angeles,26 868 ₽
https://poizonshop.ru/product/nike-offcourt-slide-2951679?sku=612234675,Nike Offcourt Slide,7 036 ₽
https://poizonshop.ru/product/nike-air-ship-sp-pine-green-3025100?sku=612661384,"Nike Air Ship SP ""Pine Green""",10 736 ₽
https://poizonshop.ru/product/nike-kyrie-8-infinity-ep-8-3025439?sku=612665015,Nike Kyrie 8 Infinity EP 8,14 732 ₽
https://poizonshop.ru/product/nike-phantom-gt2-academy-hg-3025967?sku=612668997,Nike Phantom GT2 Academy HG,15 324 ₽
https://poizonshop.ru/product/nike-air-force-1-low-07-se-40-3025971?sku=612669089,Nike Air Force 1 Low '07 se 40,22 576 ₽
https://poizonshop.ru/product/nike-air-force-1-high-se-40-40-3026206?sku=612672596,Nike Air Force 1 High se 40 40,18 136 ₽
https://poizonshop.ru/product/nike-court-zoom-lite-3-2308921?sku=608412890,Nike Court Zoom Lite 3,10 440 ₽
https://poizonshop.ru/product/nike-dunk-high-2285171?sku=608288256,Nike Dunk High,19 468 ₽
https://poizonshop.ru/product/nike-pegasus-38-year-of-the-tiger-cny-2284982?sku=608287012,"Nike Pegasus 38 ""year of the tiger"" cny",18 284 ₽
https://poizonshop.ru/product/union-x-nike-dunk-low-la-court-purple-2285001?sku=608287185,"Union x Nike Dunk Low LA ""Court Purple""",26 720 ₽
https://poizonshop.ru/product/nike-air-force-1-mid-paris-2288623?sku=608307970,Nike Air Force 1 Mid Paris,30 124 ₽
https://poizonshop.ru/product/nike-tanjun-2317742?sku=608458593,Nike Tanjun,11 772 ₽
https://poizonshop.ru/product/nike-court-zoom-lite-3-2317764?sku=608458947,Nike Court Zoom Lite 3,11 328 ₽
https://poizonshop.ru/product/nike-pegasus-38-2315333?sku=608445599,Nike Pegasus 38,12 808 ₽
https://poizonshop.ru/product/nike-tiempo-legend-8-elite-ag-pro-2323274?sku=608487878,Nike Tiempo Legend 8 Elite AG-Pro,18 432 ₽
https://poizonshop.ru/product/nike-dunk-low-metallic-2398513?sku=608901777,"Nike Dunk Low ""Metallic""",15 472 ₽
https://poizonshop.ru/product/nike-waffle-debu-2390199?sku=608838746,Nike Waffle debu,10 884 ₽
https://poizonshop.ru/product/nike-flytrap-5flytrap-kyrie-ep-2390271?sku=608839291,Nike Flytrap 5Flytrap Kyrie EP,13 696 ₽
https://poizonshop.ru/product/nike-dunk-sb-low-prm-phillies-2382466?sku=608795743,"Nike Dunk SB Low PRM ""phillies""",37 228 ₽
https://poizonshop.ru/product/nike-dunk-low-scrap-shapeless-formless-limitless-2405307?sku=608937530,Nike Dunk Low Scrap Shapeless Formless Limitless,21 540 ₽
https://poizonshop.ru/product/nike-air-force-1-low-07-2269467?sku=608212965,Nike Air Force 1 Low 07,22 576 ₽
https://poizonshop.ru/product/nike-zoom-rival-track-spike-2275602?sku=608242744,Nike Zoom Rival track spike,16 212 ₽
https://poizonshop.ru/product/nike-zoom-rival-m-9-2275533?sku=608242237,Nike Zoom Rival M 9,14 288 ₽
https://poizonshop.ru/product/nike-court-vision-mid-next-nature-2367817?sku=608715871,Nike Court Vision Mid Next Nature,8 812 ₽
https://poizonshop.ru/product/nike-air-force-1-low-07-shroud-2379617?sku=608781219,Nike Air Force 1 Low 07 Shroud,15 620 ₽
https://poizonshop.ru/product/nike-offline-pack-2370487?sku=608729742,Nike Offline Pack,19 024 ₽
https://poizonshop.ru/product/nike-pegasus-trail-3-i-love-trail-2351458?sku=608628105,"Nike Pegasus Trail 3 ""I Love Trail""",18 284 ₽
https://poizonshop.ru/product/nike-sb-blzr-court-mid-premium-2351488?sku=608628273,Nike SB BLZR Court Mid Premium,10 884 ₽
https://poizonshop.ru/product/nike-legend-9-club-tf-2358982?sku=608664278,Nike Legend 9 Club TF,13 696 ₽
https://poizonshop.ru/product/nike-kd-14-ron-english-14-2364818?sku=608697616,"Nike KD 14 ""Ron English"" 14",18 284 ₽
https://poizonshop.ru/product/nike-air-force-1-low-certified-fresh-2375872?sku=608764512,Nike Air Force 1 Low Certified Fresh,16 508 ₽
https://poizonshop.ru/product/nike-kyrie-8-infinity-journeyreward-8-2362834?sku=608686899,"Nike Kyrie 8 Infinity ""JourneyReward"" 8",15 472 ₽
https://poizonshop.ru/product/nike-air-zoom-lj-elite-proto-2356365?sku=608653624,Nike Air Zoom LJ Elite Proto,18 136 ₽
https://poizonshop.ru/product/nike-zoomx-vaporfly-next-2-2355678?sku=608648737,Nike ZoomX Vaporfly Next 2,24 204 ₽
https://poizonshop.ru/product/nike-free-metcon-4-2356734?sku=608655654,Nike Free Metcon 4,11 476 ₽
https://poizonshop.ru/product/nike-zoom-rival-fly-3-2362275?sku=608684280,Nike Zoom Rival Fly 3,11 920 ₽
https://poizonshop.ru/product/nike-kd-14-nrg-14-2306605?sku=608403309,Nike KD 14 NRG 14,17 544 ₽
https://poizonshop.ru/product/nike-air-force-1-low-07-indigo-2239718?sku=608065787,"Nike Air Force 1 Low 07 ""Indigo""",25 684 ₽
https://poizonshop.ru/product/nike-air-force-1-low-07-2254249?sku=608137222,Nike Air Force 1 Low 07,22 724 ₽
https://poizonshop.ru/product/nike-dunk-low-grey-fog-2254348?sku=608137609,"Nike Dunk Low ""Grey Fog""",33 084 ₽
https://poizonshop.ru/product/nike-air-force-1-low-07-vibe-2254365?sku=608137682,Nike Air Force 1 Low 07 vibe,22 724 ₽
https://poizonshop.ru/product/nike-dunk-low-2254114?sku=608136824,Nike Dunk Low,31 308 ₽
https://poizonshop.ru/product/nike-dunk-low-2254188?sku=608137038,Nike Dunk Low,28 644 ₽
https://poizonshop.ru/product/nike-zoom-rival-s-9-2251509?sku=608122592,Nike Zoom Rival s 9,19 468 ₽
https://poizonshop.ru/product/nike-1971-2247935?sku=608105845,Nike 1971,27 164 ₽
https://poizonshop.ru/product/nike-air-force-1-low-gore-tex-2252050?sku=608125382,Nike Air Force 1 Low Gore-Tex,26 720 ₽
https://poizonshop.ru/product/nike-dunk-low-montreal-bagel-3069942?sku=612947154,"Nike Dunk Low ""Montreal Bagel""",20 208 ₽ 21 244 ₽
https://poizonshop.ru/product/nike-air-max-97-8949?sku=53688613,Nike Air Max 97,14 732 ₽
https://poizonshop.ru/product/nike-air-max-270-10929?sku=65568613,Nike Air Max 270,16 656 ₽
https://poizonshop.ru/product/nike-air-max-90-terrascape-gym-red-2944058?sku=612191584,"Nike Air Max 90 terrascape ""gym red""",14 732 ₽
https://poizonshop.ru/product/nike-air-force-1-low-triple-white-1190436?sku=601311840,"Nike Air Force 1 Low ""Triple White""",15 028 ₽
https://poizonshop.ru/product/nike-air-force-1-low-07-1237506?sku=601597143,Nike Air Force 1 Low 07,12 068 ₽ 12 512 ₽
https://poizonshop.ru/product/nike-air-force-1-low-white-and-black-1220735?sku=601497940,"Nike Air Force 1 Low ""White and Black""",12 512 ₽ 12 808 ₽
https://poizonshop.ru/product/nike-air-max-terrascape-plus-3126986?sku=613295233,Nike Air Max Terrascape Plus,9 256 ₽ 10 588 ₽
https://poizonshop.ru/product/nike-dunk-low-industrial-blue-3467271?sku=615573864,"Nike Dunk Low ""Industrial Blue""",12 512 ₽
https://poizonshop.ru/product/stussy-x-nike-air-vandal-high-fossil-5061416?sku=624936791,"Stussy x Nike Air Vandal High ""Fossil""",13 844 ₽ 16 064 ₽
https://poizonshop.ru/product/cactus-corp-x-nike-air-trainer-1-wheat-travis-scott-2835322?sku=611504267,"CACT.US CORP x Nike Air Trainer 1 ""Wheat"" Travis Scott",19 320 ₽
https://poizonshop.ru/product/cactus-corp-x-nike-air-trainer-1-grey-haze-travis-scott-2835317?sku=611504243,"CACT.US CORP x Nike Air Trainer 1 ""Grey Haze"" Travis Scott",18 284 ₽
https://poizonshop.ru/product/nike-dunk-low-surfaces-in-brown-and-sail-3939329?sku=618200698,"Nike Dunk Low ""Surfaces In Brown And Sail""",15 028 ₽
https://poizonshop.ru/product/nike-blazer-mid-77-vintage-26085?sku=156504613,Nike Blazer Mid 77 Vintage,8 072 ₽ 9 996 ₽
https://poizonshop.ru/product/nike-air-dunk-jumbo-remastered-olive-3702267?sku=616908174,"Nike Air Dunk Jumbo Remastered ""Olive""",16 656 ₽ 21 244 ₽
https://poizonshop.ru/product/fragment-design-x-nike-dunk-high-beijing-1460201?sku=602866096,"Fragment Design x Nike Dunk High ""Beijing""",15 916 ₽
https://poizonshop.ru/product/nike-dunk-high-retro-se-85-2912416?sku=612006036,"Nike Dunk High Retro SE ""85""",13 844 ₽
https://poizonshop.ru/product/nike-dunk-low-ocean-2522442?sku=609577391,"Nike Dunk Low ""Ocean""",27 164 ₽
https://poizonshop.ru/product/nike-dunk-mid-mineral-teal-and-moss-3610294?sku=616397306,"Nike Dunk Mid ""Mineral Teal and Moss""",11 032 ₽
https://poizonshop.ru/product/nike-air-max-90-71802?sku=430806613,Nike Air Max 90,13 696 ₽ 14 584 ₽
https://poizonshop.ru/product/nike-air-force-1-low-07-prm-breakthrough-2987320?sku=612446986,"Nike Air Force 1 Low '07 prm ""breakthrough""",21 688 ₽
https://poizonshop.ru/product/nike-court-vision-mid-3438787?sku=615420129,Nike Court Vision Mid,8 220 ₽ 8 368 ₽
https://poizonshop.ru/product/nike-air-max-pre-day-voodoo-2482825?sku=609373408,Nike Air Max Pre-Day voodoo,15 176 ₽ 17 692 ₽
https://poizonshop.ru/product/nike-blazer-mid-77-vintage-voodoo-2457261?sku=609244824,"Nike Blazer Mid 77 Vintage ""Voodoo""",8 516 ₽
https://poizonshop.ru/product/nike-air-zoom-vomero-5-5172047?sku=628709399,Nike Air Zoom Vomero 5,15 176 ₽
https://poizonshop.ru/product/nike-air-huarache-crater-prm-2714081?sku=610657827,Nike Air Huarache Crater PRM,8 368 ₽
https://poizonshop.ru/product/nike-dunk-low-prm-halloween-2737424?sku=610817929,"Nike Dunk Low prm ""halloween""",13 696 ₽
https://poizonshop.ru/product/nike-dunk-low-teddy-bear-3482215?sku=615663300,"Nike Dunk Low ""Teddy Bear""",16 656 ₽ 16 804 ₽
https://poizonshop.ru/product/nike-dunk-low-scrap-black-olive-3051277?sku=612834285,"Nike Dunk Low Scrap ""Black Olive""",12 512 ₽
https://poizonshop.ru/product/nike-air-dunk-jumbo-remastered-3m-4430018?sku=621153574,Nike Air Dunk Jumbo Remastered 3M,11 180 ₽
https://poizonshop.ru/product/nike-dunk-low-houston-comets-four-peat-5293207?sku=626277133,Nike Dunk Low 'Houston Comets Four-Peat',21 244 ₽
https://poizonshop.ru/product/acronym-x-nike-blazer-low-black-2454072?sku=609222116,"Acronym x Nike Blazer Low ""Black""",11 476 ₽
https://poizonshop.ru/product/sacai-x-nike-blazer-low-black-patent-leather-2428174?sku=609070230,Sacai x Nike Blazer Low black patent leather,14 880 ₽
https://poizonshop.ru/product/nike-air-max-90-gore-tex-3317212?sku=614601547,Nike Air Max 90 Gore-Tex,12 068 ₽
https://poizonshop.ru/product/nike-air-max-plus-1192733?sku=601327484,Nike Air Max Plus,15 176 ₽ 15 472 ₽
https://poizonshop.ru/product/nike-initiator-1004687?sku=600028899,Nike Initiator,9 108 ₽
https://poizonshop.ru/product/ambush-x-nike-air-adjust-force-sp-summit-white-and-black-2872229?sku=611742371,"AMBUSH x Nike Air Adjust Force sp ""summit white and black""",14 732 ₽ 15 028 ₽
https://poizonshop.ru/product/nike-air-max-97-silver-bullet-2022-2024303?sku=606626262,"Nike Air Max 97 ""silver bullet"" 2022",24 056 ₽
https://poizonshop.ru/product/nike-dunk-low-gorge-green-3682681?sku=616807598,"Nike Dunk Low ""Gorge Green""",25 832 ₽
https://poizonshop.ru/product/nike-zoom-2k-23384?sku=140298613,Nike Zoom 2K,13 844 ₽
https://poizonshop.ru/product/nike-air-force-1-low-2973424?sku=612366061,Nike Air Force 1 Low,22 576 ₽
https://poizonshop.ru/product/nike-zoomx-dragonfly-2959811?sku=612283006,Nike Zoomx Dragonfly,25 815 ₽
https://poizonshop.ru/product/nike-quest-5-2961158?sku=612290452,Nike Quest 5,12 216 ₽
https://poizonshop.ru/product/nike-mc-trainer-2-2961594?sku=612293680,Nike MC Trainer 2,11 772 ₽
https://poizonshop.ru/product/nike-dunk-low-2954919?sku=612253631,Nike Dunk Low,21 096 ₽
https://poizonshop.ru/product/nike-renew-elevate-3-2959117?sku=612279387,Nike Renew Elevate 3,12 364 ₽
https://poizonshop.ru/product/nike-pegasus-trail-4-react-2959219?sku=612279766,Nike Pegasus Trail 4 React,11 624 ₽
https://poizonshop.ru/product/nike-air-zoom-terra-kiger-8-2971274?sku=612344655,Nike Air Zoom Terra Kiger 8,11 476 ₽
https://poizonshop.ru/product/nike-air-max-pre-day-2979021?sku=612400352,Nike Air Max Pre-Day,7 716 ₽
https://poizonshop.ru/product/nike-kyrie-5-2982276?sku=612418303,Nike Kyrie 5,16 804 ₽
https://poizonshop.ru/product/nike-superfly-elite-2-2982856?sku=612421120,Nike Superfly Elite 2,12 808 ₽
https://poizonshop.ru/product/nike-air-more-uptempo-air-2982533?sku=612419957,Nike Air More Uptempo air,20 948 ₽
https://poizonshop.ru/product/nike-phantom-gt-2-elite-ag-pro-2986782?sku=612442401,Nike Phantom GT 2 Elite AG Pro,33 084 ₽
https://poizonshop.ru/product/nike-pg-6-ep-6-6-2986875?sku=612443535,Nike PG 6 EP 6 6,22 576 ₽
https://poizonshop.ru/product/nike-air-more-uptempo-air-2986886?sku=612443719,Nike Air More Uptempo air,25 536 ₽
https://poizonshop.ru/product/nike-zoomx-vaporfly-next-2-3004763?sku=612546978,Nike ZoomX Vaporfly Next 2,28 940 ₽
https://poizonshop.ru/product/nike-air-zoom-pegasus-39-3005303?sku=612547897,Nike Air Zoom Pegasus 39,17 692 ₽
https://poizonshop.ru/product/nike-air-more-uptempo-96-air-3038059?sku=612750036,Nike Air More Uptempo '96 air,17 100 ₽
https://poizonshop.ru/product/nike-air-force-1-low-07-dark-beetroot-3059392?sku=612886073,"Nike Air Force 1 Low '07 ""dark beetroot""",14 732 ₽
https://poizonshop.ru/product/nike-air-max-penny-1-rattan-3065707?sku=612917621,"Nike Air Max Penny 1 ""Rattan""",11 032 ₽
https://poizonshop.ru/product/nike-dunk-low-retro-3065803?sku=612918663,Nike Dunk Low Retro,28 644 ₽
https://poizonshop.ru/product/nike-air-zoom-pegasus-39-air-hola-lou-3065461?sku=612916291,"Nike Air Zoom Pegasus 39 ""a.i.r. hola lou""",19 764 ₽
https://poizonshop.ru/product/nike-zoom-fly-5-air-hola-lou-3065614?sku=612916455,"Nike Zoom Fly 5 ""a.i.r. hola lou""",20 504 ₽
https://poizonshop.ru/product/nike-zoomx-zegama-trail-3048786?sku=612819228,Nike ZoomX Zegama Trail,14 584 ₽
https://poizonshop.ru/product/nike-victory-waffle-5-3054962?sku=612863720,Nike Victory waffle 5,14 386 ₽
https://poizonshop.ru/product/nike-sb-force-58-3055111?sku=612863946,Nike SB Force 58,14 880 ₽
https://poizonshop.ru/product/nike-air-force-1-high-inspected-by-swoosh-3068109?sku=612938698,Nike Air Force 1 High inspected by swoosh,12 364 ₽
https://poizonshop.ru/product/nike-offcourt-slide-marble-2933070?sku=612118744,Nike Offcourt Slide Marble,6 814 ₽
https://poizonshop.ru/product/nike-air-force-1-low-certified-fresh-2933118?sku=612119108,"Nike Air Force 1 Low ""Certified Fresh""",23 612 ₽
https://poizonshop.ru/product/nike-dunk-low-retro-2933163?sku=612119289,Nike Dunk Low Retro,28 644 ₽
https://poizonshop.ru/product/nike-air-force-1-low-07-2932720?sku=612116852,Nike Air Force 1 Low '07,14 880 ₽
https://poizonshop.ru/product/nike-air-max-flyknit-racer-triple-black-3068848?sku=612943483,"Nike Air Max Flyknit Racer ""Triple Black""",9 404 ₽
https://poizonshop.ru/product/nike-mercurial-vapor-15-15-club-mg-3035548?sku=612738252,Nike Mercurial Vapor 15 15 Club MG,16 761 ₽
https://poizonshop.ru/product/nike-mercurial-superfly-9-15-elite-fg-3035209?sku=612735769,Nike Mercurial Superfly 9 15 Elite FG-,30 124 ₽
https://poizonshop.ru/product/nike-dunk-low-fzbb-vibe-3030466?sku=612706857,Nike Dunk Low fzbb vibe,27 164 ₽
https://poizonshop.ru/product/nike-air-force-1-low-3030477?sku=612706997,Nike Air Force 1 Low,20 504 ₽
https://poizonshop.ru/product/nike-dunk-low-3030491?sku=612706956,Nike Dunk Low,26 424 ₽
https://poizonshop.ru/product/nike-air-zoom-tempo-next-3037518?sku=612746595,Nike Air Zoom Tempo Next,21 096 ₽
https://poizonshop.ru/product/nike-air-max-pre-day-3043863?sku=612787620,Nike Air Max Pre-Day,8 812 ₽
https://poizonshop.ru/product/nike-air-max-penny-1-all-star-3027766?sku=612687516,"Nike Air Max Penny 1 ""All-Star""",11 920 ₽
https://poizonshop.ru/product/nike-zoom-metcon-turbo-2-2502810?sku=609474153,Nike Zoom Metcon Turbo 2,26 868 ₽
https://poizonshop.ru/product/nike-sb-alleyoop-2505641?sku=609492346,Nike SB Alleyoop,17 544 ₽
https://poizonshop.ru/product/nike-air-max-2090-2506744?sku=609499195,Nike Air Max 2090,17 544 ₽
https://poizonshop.ru/product/nike-mercurial-dream-speed-vapor-14-14-academy-mg-2504892?sku=609489012,Nike Mercurial Dream Speed Vapor 14 14 Academy MG,23 316 ₽
https://poizonshop.ru/product/nike-zoom-mamba-5-2510218?sku=609517914,Nike Zoom Mamba 5,16 656 ₽
https://poizonshop.ru/product/nike-offline-20-2510219?sku=609517926,Nike Offline 2.0,16 064 ₽
https://poizonshop.ru/product/nike-offline-20-2510220?sku=609517936,Nike Offline 2.0,13 104 ₽
https://poizonshop.ru/product/nike-air-vapormax-2021-fk-se-dark-atomic-teal-2510384?sku=609519056,"Nike air vapormax 2021 fk se ""dark atomic teal""",14 140 ₽
https://poizonshop.ru/product/nike-zoomx-streakfly-2517077?sku=609554411,Nike ZoomX Streakfly,21 392 ₽
https://poizonshop.ru/product/nike-mercurial-dream-speed-vapor-14-14-academy-tf-2507643?sku=609504330,Nike Mercurial Dream Speed Vapor 14 14 Academy TF,25 388 ₽
https://poizonshop.ru/product/nike-vapor-14-14-pro-ag-2511277?sku=609524604,Nike Vapor 14 14 Pro AG,21 540 ₽
https://poizonshop.ru/product/nike-zoom-prevail-2513246?sku=609531978,Nike Zoom Prevail,16 952 ₽
https://poizonshop.ru/product/nike-dunk-low-retro-ucla-2529440?sku=609607896,"Nike Dunk Low Retro ""UCLA""",22 724 ₽
https://poizonshop.ru/product/nike-dunk-sb-low-pro-betrue-2541119?sku=609660900,"Nike Dunk SB Low Pro ""betrue""",21 540 ₽
https://poizonshop.ru/product/nike-mercurial-vapor-14-14-academy-ic-2690341?sku=610510799,Nike Mercurial Vapor 14 14 Academy IC,18 284 ₽
https://poizonshop.ru/product/froskate-x-nike-dunk-sb-high-pro-qs-all-loveno-hate-2690347?sku=610510856,froSkate x Nike Dunk SB High pro qs all loveno hate,16 508 ₽
https://poizonshop.ru/product/nike-air-force-1-low-07-lv8-emb-2690351?sku=610510885,Nike Air Force 1 Low '07 lv8 emb,16 064 ₽
https://poizonshop.ru/product/nike-dunk-low-retro-coconut-milk-2688911?sku=610501454,Nike Dunk Low Retro Coconut Milk,30 124 ₽
https://poizonshop.ru/product/nike-phantom-gt2-academy-tf-2690177?sku=610509833,Nike Phantom GT2 Academy TF,16 952 ₽
https://poizonshop.ru/product/nike-zoomx-invincible-run-fk-2-2690433?sku=610511369,Nike zoomx invincible run fk 2,16 360 ₽
https://poizonshop.ru/product/nike-mercurial-superfly-8-14-academy-fgmg-2689848?sku=610508129,Nike Mercurial Superfly 8 14 Academy FGMG,24 204 ₽
https://poizonshop.ru/product/nike-mercurial-vapor-14-14-elite-ag-2691600?sku=610515614,Nike Mercurial Vapor 14 14 Elite AG,26 276 ₽
https://poizonshop.ru/product/nike-vapor-14-14-pro-fg-2691446?sku=610515006,Nike Vapor 14 14 Pro FG,28 644 ₽
https://poizonshop.ru/product/nike-quest-5-2690805?sku=610512694,Nike Quest 5,8 516 ₽
https://poizonshop.ru/product/nike-vapor-edge-pro-360-2696111?sku=610542837,Nike Vapor Edge Pro 360,17 988 ₽
https://poizonshop.ru/product/nba-x-nike-dunk-low-emb-knicks-2695886?sku=610540928,"NBA x Nike Dunk Low EMB ""Knicks""",24 204 ₽
https://poizonshop.ru/product/nike-phantom-gt2-pro-fg-2695891?sku=610541011,Nike Phantom GT2 Pro FG,24 204 ₽
https://poizonshop.ru/product/nike-dunk-low-scrap-archeo-brown-what-the-2695084?sku=610536093,Nike Dunk Low Scrap Archeo Brown What The,27 016 ₽
https://poizonshop.ru/product/nike-kyrie-8-infinity-cny-8-2699223?sku=610554317,"Nike Kyrie 8 infinity ""CNY"" 8",32 936 ₽
https://poizonshop.ru/product/nike-react-phantom-run-flyknit-2-2699299?sku=610555250,Nike React Phantom Run Flyknit 2,12 364 ₽
https://poizonshop.ru/product/nike-kyrie-low-5-ep-5-2699338?sku=610555816,Nike Kyrie Low 5 EP 5,12 068 ₽
https://poizonshop.ru/product/nike-court-legacy-2816361?sku=611381060,Nike Court Legacy,7 628 ₽
https://poizonshop.ru/product/nike-vapor-edge-speed-36-2816604?sku=611381444,Nike Vapor Edge Speed 36,16 508 ₽
https://poizonshop.ru/product/nike-zoom-fly-4-2811009?sku=611337806,Nike Zoom Fly 4,17 692 ₽
https://poizonshop.ru/product/nike-dunk-low-next-nature-lilac-2835358?sku=611504613,"Nike Dunk Low next nature ""lilac""",27 904 ₽
https://poizonshop.ru/product/nike-zoomx-invincible-run-fk-2-2835201?sku=611502862,Nike zoomx invincible run fk 2,17 544 ₽
https://poizonshop.ru/product/nike-dunk-low-2809434?sku=611327629,Nike Dunk Low,27 016 ₽
https://poizonshop.ru/product/nike-air-force-1-low-07-prm-nn-2809446?sku=611327698,Nike Air Force 1 Low '07 prm nn,12 068 ₽
https://poizonshop.ru/product/nike-air-max-97-2718746?sku=610685413,Nike Air Max 97,27 164 ₽
https://poizonshop.ru/product/nike-air-force-1-low-coconut-2719127?sku=610686650,Nike Air Force 1 Low Coconut,19 616 ₽
https://poizonshop.ru/product/nike-alpha-menace-pro-3-3029566?sku=612700695,Nike Alpha Menace Pro 3,18 284 ₽
https://poizonshop.ru/product/nike-free-rn-50-3029567?sku=612700709,Nike Free RN 5.0,16 212 ₽
https://poizonshop.ru/product/nike-air-zoom-infinity-tour-next-nrg-wide-3029471?sku=612700481,Nike Air Zoom Infinity Tour NEXT NRG Wide,17 396 ₽
https://poizonshop.ru/product/nike-07-vibe-3034266?sku=612728976,Nike '07 vibe,22 576 ₽
https://poizonshop.ru/product/nike-dunk-low-scrap-knicks-3034104?sku=612727893,"Nike Dunk Low scrap ""knicks""",15 324 ₽
https://poizonshop.ru/product/nike-free-rn-50-3040963?sku=612771405,Nike Free RN 5.0,18 136 ₽
https://poizonshop.ru/product/nike-dunk-low-white-sail-3040601?sku=612768836,Nike Dunk Low white sail,15 028 ₽
https://poizonshop.ru/product/nike-dunk-high-inspected-by-swoosh-3064643?sku=612912686,Nike Dunk High Inspected By Swoosh,11 920 ₽
https://poizonshop.ru/product/nike-react-infinity-run-flyknit-3-air-x-hola-lou-3065259?sku=612915800,Nike React Infinity Run Flyknit 3 A.I.R. x Hola Lou,17 544 ₽
https://poizonshop.ru/product/nike-tiempo-legend-9-club-tf-3050305?sku=612831423,Nike Tiempo Legend 9 Club TF,11 772 ₽
https://poizonshop.ru/product/nike-zoom-mercurial-vapor-15-15-pro-tf-3050168?sku=612830780,Nike Zoom Mercurial Vapor 15 15 Pro TF,26 424 ₽
https://poizonshop.ru/product/nike-court-vision-low-3051644?sku=612837801,Nike Court Vision low,12 364 ₽
https://poizonshop.ru/product/nike-zoom-winflo-9-3051409?sku=612835775,Nike Zoom Winflo 9,12 406 ₽
https://poizonshop.ru/product/nike-waffle-one-3045712?sku=612804491,Nike Waffle One,8 072 ₽
https://poizonshop.ru/product/nike-kyrie-low-5-5-3045767?sku=612805045,Nike Kyrie Low 5 5,13 844 ₽
https://poizonshop.ru/product/nike-kd-15-15-3054122?sku=612856498,Nike KD 15 15,19 468 ₽
https://poizonshop.ru/product/nike-kd-15-3054004?sku=612855046,Nike KD 15,38 412 ₽
https://poizonshop.ru/product/nike-kd-15-15-3054414?sku=612859041,Nike KD 15 15,19 616 ₽
https://poizonshop.ru/product/nike-kd-15-15-3054442?sku=612859101,Nike KD 15 15,25 906 ₽
https://poizonshop.ru/product/nike-air-force-1-low-vibe-cny-3d-2322636?sku=608483092,Nike Air Force 1 Low Vibe CNY 3D,29 828 ₽
https://poizonshop.ru/product/nike-dunk-high-vintage-black-2317919?sku=608460257,"Nike Dunk High ""Vintage Black""",26 720 ₽
https://poizonshop.ru/product/nike-pegasus-38-shield-2348304?sku=608611513,Nike Pegasus 38 shield,16 656 ₽
https://poizonshop.ru/product/nike-react-atlas-2337763?sku=608561830,Nike React Atlas,10 144 ₽
https://poizonshop.ru/product/nike-zoomx-dragonfly-btc-2339800?sku=608570943,Nike Zoomx Dragonfly btc,27 164 ₽
https://poizonshop.ru/product/nike-air-force-1-low-07-500-2329583?sku=608520855,Nike Air Force 1 Low '07 500,22 724 ₽
https://poizonshop.ru/product/nike-court-vision-1-low-2328024?sku=608513121,Nike Court Vision 1 Low,14 288 ₽
https://poizonshop.ru/product/nike-air-force-1-low-vibe-cny-3d-2335816?sku=608553132,Nike Air Force 1 Low Vibe CNY 3D,29 976 ₽
https://poizonshop.ru/product/nike-air-max-intrlk-lite-2340917?sku=608576306,Nike Air Max INTRLK lite,18 284 ₽
https://poizonshop.ru/product/nike-air-max-intrlk-lite-2343945?sku=608587107,Nike Air Max INTRLK lite,11 772 ₽
https://poizonshop.ru/product/nike-air-force-1-low-07-2232465?sku=608022771,Nike Air Force 1 Low '07,22 576 ₽
https://poizonshop.ru/product/nike-air-force-1-mid-07-2349620?sku=608620071,"Nike Air Force 1 Mid '07 """"",23 834 ₽
https://poizonshop.ru/product/nike-waffle-trainer-2-2297819?sku=608354624,Nike Waffle Trainer 2,9 552 ₽
https://poizonshop.ru/product/nike-blazer-mid-77-year-of-the-tiger-cny-2333075?sku=608535395,"Nike Blazer Mid '77 ""Year of the Tiger"" CNY",16 656 ₽
https://poizonshop.ru/product/nike-court-vision-2332520?sku=608532353,Nike Court Vision,10 292 ₽
https://poizonshop.ru/product/nike-zoom-rival-fly-3-2338932?sku=608567478,Nike Zoom Rival Fly 3,10 736 ₽
https://poizonshop.ru/product/nike-air-max-dawn-limitless-year-of-the-tiger-cny-2351354?sku=608627243,Nike Air Max Dawn limitless year of the tiger cny,10 440 ₽
https://poizonshop.ru/product/nike-pg-6-ep-2465176?sku=609282008,Nike PG 6 EP,23 760 ₽
https://poizonshop.ru/product/nike-pg-6-ep-6-2465234?sku=609282277,Nike PG 6 EP 6,20 948 ₽
https://poizonshop.ru/product/nike-air-force-1-low-07-pecan-2441440?sku=609144537,"Nike Air Force 1 Low '07 ""Pecan""",27 164 ₽
https://poizonshop.ru/product/nike-air-force-1-low-07-ess-orange-paisley-2445115?sku=609169455,"Nike Air Force 1 Low 07 ess ""orange paisley""",16 656 ₽
https://poizonshop.ru/product/nike-dunk-low-retro-coconut-milk-2858880?sku=611651258,"Nike Dunk Low Retro ""Coconut Milk""",28 940 ₽
https://poizonshop.ru/product/nike-vapor-edge-pro-360-2881299?sku=611800542,Nike Vapor Edge Pro 360,18 136 ₽
https://poizonshop.ru/product/nike-air-max-97-mighty-swooshers-2885498?sku=611830021,"Nike Air Max 97 ""mighty swooshers""",12 512 ₽
https://poizonshop.ru/product/nike-ispa-link-black-and-medium-olive-2904305?sku=611950548,"Nike ISPA Link ""Black and Medium Olive""",25 092 ₽
https://poizonshop.ru/product/nike-dunk-low-retro-coconut-milk-2901721?sku=611937630,Nike Dunk Low Retro Coconut Milk,24 204 ₽
https://poizonshop.ru/product/nike-dunk-low-retro-fzbb-y2k-2770076?sku=611049152,Nike Dunk Low Retro FZBB Y2K,27 164 ₽
https://poizonshop.ru/product/nike-dunk-low-retro-2901747?sku=611938084,Nike Dunk Low Retro,22 576 ₽
https://poizonshop.ru/product/nike-air-zoom-vapor-15-15-elite-pro-ag-3122133?sku=613265716,Nike Air Zoom Vapor 15 15 Elite Pro AG-,29 976 ₽
https://poizonshop.ru/product/nike-phantom-gt-2-elite-fg-3125235?sku=613285798,Nike Phantom GT 2 Elite FG-,40 336 ₽
https://poizonshop.ru/product/stussy-x-nike-air-max-black-2013-3126793?sku=613292894,"Stussy x Nike Air Max ""black"" 2013",20 208 ₽
https://poizonshop.ru/product/stussy-x-nike-air-max-2013-pink-3126802?sku=613293057,"Stussy x Nike Air Max 2013 ""Pink""",18 728 ₽ 19 616 ₽
https://poizonshop.ru/product/nike-terminator-high-cocoa-snake-3126858?sku=613293568,"Nike Terminator High ""Cocoa Snake""",14 436 ₽
https://poizonshop.ru/product/nike-acg-air-zoom-gaiadome-gtx-3161831?sku=613571330,Nike ACG Air Zoom Gaiadome GTX,20 504 ₽
https://poizonshop.ru/product/nike-air-force-1-low-3134931?sku=613395953,Nike Air Force 1 Low,20 504 ₽
https://poizonshop.ru/product/nike-tiempo-legend-9-club-tf-3135281?sku=613397972,Nike Tiempo Legend 9 Club TF-,14 584 ₽
https://poizonshop.ru/product/nike-air-max-scorpion-fk-triple-black-3146879?sku=613469637,"Nike Air Max Scorpion FK ""Triple Black""",22 576 ₽
https://poizonshop.ru/product/nike-air-force-1-low-since-82-3146882?sku=613469688,"Nike Air Force 1 Low ""Since 82""",15 176 ₽
https://poizonshop.ru/product/nike-tiempo-legend-9-pro-ag-pro-3133584?sku=613390113,Nike Tiempo Legend 9 Pro AG Pro,21 392 ₽
https://poizonshop.ru/product/nike-air-force-1-low-07-3145477?sku=613461196,Nike Air Force 1 Low '07,22 132 ₽
https://poizonshop.ru/product/nike-acg-air-mada-3149487?sku=613493107,Nike ACG Air Mada,17 544 ₽
https://poizonshop.ru/product/nike-air-max-1-prm-dirty-denim-3149698?sku=613493697,"Nike Air Max 1 PRM ""Dirty Denim""",16 952 ₽
https://poizonshop.ru/product/nike-phantom-gt2-academy-flyease-mg-3149131?sku=613492638,Nike Phantom GT2 Academy FlyEase MG,16 656 ₽
https://poizonshop.ru/product/nike-dunk-high-lxx-cinnabar-3154838?sku=613525999,"Nike Dunk High LXX ""Cinnabar""",21 244 ₽
https://poizonshop.ru/product/nike-blazer-low-jumbo-3155294?sku=613529358,Nike Blazer Low Jumbo,8 368 ₽
https://poizonshop.ru/product/nike-kyrie-8-infinity-ep-8-3157756?sku=613541612,Nike Kyrie 8 Infinity EP 8,12 808 ₽
https://poizonshop.ru/product/nike-air-trainer-1-black-grey-3159218?sku=613552306,"Nike Air Trainer 1 ""Black Grey""",9 256 ₽
https://poizonshop.ru/product/nike-air-presto-shadow-3158936?sku=613550500,Nike Air Presto Shadow,9 552 ₽
https://poizonshop.ru/product/nike-dunk-low-retro-coconut-milk-3070845?sku=612955366,"Nike Dunk Low Retro ""Coconut Milk""",24 796 ₽
https://poizonshop.ru/product/nike-dunk-low-3076797?sku=612985900,Nike Dunk Low,28 496 ₽
https://poizonshop.ru/product/nike-air-force-1-low-07-se-3076269?sku=612983159,Nike Air Force 1 Low '07 se,24 204 ₽
https://poizonshop.ru/product/nike-hyperdunk-x-low-10-3077821?sku=612991752,Nike Hyperdunk X Low 10,23 464 ₽
https://poizonshop.ru/product/nike-air-force-1-low-chili-pepper-3079502?sku=613000968,Nike Air Force 1 Low Chili Pepper,20 060 ₽
https://poizonshop.ru/product/nike-kyrie-5-low-5-3087486?sku=613050356,Nike Kyrie 5 Low 5,16 064 ₽
https://poizonshop.ru/product/nike-kyrie-8-infinity-8-3087499?sku=613050464,Nike Kyrie 8 Infinity 8,16 360 ₽
https://poizonshop.ru/product/nike-kyrie-8-infinity-8-3087503?sku=613050492,Nike Kyrie 8 Infinity 8,15 916 ₽
https://poizonshop.ru/product/nike-acg-lowcate-3087512?sku=613050617,Nike ACG Lowcate,10 144 ₽
https://poizonshop.ru/product/nike-dunk-low-3096229?sku=613103389,Nike Dunk Low,26 424 ₽
https://poizonshop.ru/product/nike-dunk-low-3096237?sku=613103386,Nike Dunk Low,26 424 ₽
https://poizonshop.ru/product/nike-air-max-97-alabaster-3096244?sku=613116027,"Nike Air Max 97 ""Alabaster""",14 584 ₽
https://poizonshop.ru/product/nike-zoomx-zegama-trail-3096245?sku=613114188,Nike ZoomX Zegama Trail,15 472 ₽
https://poizonshop.ru/product/nike-dunk-low-retro-coconut-milk-vibe-2739771?sku=610833875,"Nike Dunk Low retro ""coconut milk"" vibe",25 092 ₽
https://poizonshop.ru/product/nike-blazer-low-77-prm-certified-fresh-77-prm-certified-fresh-2736673?sku=610814969,"Nike Blazer Low '77 prm ""certified fresh"" 77 PRM ""Certified Fresh""",7 924 ₽
https://poizonshop.ru/product/nike-air-zoom-pegasus-39-2740867?sku=610845144,Nike Air Zoom Pegasus 39,13 104 ₽
https://poizonshop.ru/product/nike-venture-runner-2727852?sku=610752967,Nike Venture Runner,12 364 ₽
https://poizonshop.ru/product/nike-go-flyease-2727873?sku=610753240,Nike Go FlyEase,14 436 ₽
https://poizonshop.ru/product/nike-quest-5-2709409?sku=610625580,Nike Quest 5,10 144 ₽
https://poizonshop.ru/product/nike-dunk-low-retro-hr-black-vibe-2704677?sku=610595917,"Nike Dunk Low retro hr ""black"" vibe",25 536 ₽
https://poizonshop.ru/product/nike-air-zoom-superrep-3-2707089?sku=610609593,Nike Air Zoom SuperRep 3,22 724 ₽
https://poizonshop.ru/product/nike-air-ship-sp-team-orange-2712622?sku=610645708,Nike Air Ship SP Team Orange,17 692 ₽
https://poizonshop.ru/product/nike-air-zoom-pegasus-39-2715689?sku=610667097,Nike Air Zoom Pegasus 39,13 597 ₽
https://poizonshop.ru/product/nike-air-force-1-low-07-vibe-2871179?sku=611735135,Nike Air Force 1 Low 07 vibe,21 244 ₽
https://poizonshop.ru/product/nike-kyrie-8-infinity-ep-8-2873918?sku=611757765,Nike Kyrie 8 Infinity EP 8,12 512 ₽
https://poizonshop.ru/product/nike-phantom-gt-2-academy-hg-2882862?sku=611809728,Nike Phantom GT 2 Academy HG,18 136 ₽
https://poizonshop.ru/product/nike-air-force-1-low-premium-white-metallic-2882851?sku=611809647,"Nike Air Force 1 Low Premium ""White Metallic""",16 952 ₽
https://poizonshop.ru/product/nike-go-flyease-2871580?sku=611740076,Nike Go FlyEase,19 024 ₽
https://poizonshop.ru/product/nike-oneonta-sandal-2891677?sku=611867202,Nike Oneonta Sandal,8 072 ₽
https://poizonshop.ru/product/nike-pegasus-trail-3-2891683?sku=611867383,Nike Pegasus Trail 3,15 916 ₽
https://poizonshop.ru/product/nike-mercurial-vapor-14-14-hg-2892265?sku=611870920,Nike Mercurial Vapor 14 14 HG,13 252 ₽
https://poizonshop.ru/product/nike-sb-force-58-premium-2893992?sku=611884164,Nike SB Force 58 Premium,11 624 ₽
https://poizonshop.ru/product/nike-air-max-flyknit-racer-2871276?sku=611736570,Nike Air Max Flyknit Racer,8 664 ₽
https://poizonshop.ru/product/nike-kd-15-ep-15-2873299?sku=611749728,Nike KD 15 EP 15,23 760 ₽
https://poizonshop.ru/product/nike-air-force-1-mid-izakaya-2873325?sku=611750299,"Nike Air Force 1 Mid ""Izakaya""",22 872 ₽
https://poizonshop.ru/product/nike-pg-6-ep-6-6-2872528?sku=611742912,Nike PG 6 EP 6 6,17 396 ₽
https://poizonshop.ru/product/nike-air-max-97-2877644?sku=611774288,Nike Air Max 97,19 764 ₽
https://poizonshop.ru/product/nike-downshifter-12-2877168?sku=611772895,Nike Downshifter 12,8 368 ₽
https://poizonshop.ru/product/nike-quest-5-2883340?sku=611810234,Nike Quest 5,10 440 ₽
https://poizonshop.ru/product/nike-dunk-low-retro-black-2884869?sku=611821881,"Nike Dunk Low Retro ""Black""",23 464 ₽
https://poizonshop.ru/product/nike-jr-phantom-vsn-2-academy-df-mg-2751343?sku=610915318,Nike JR Phantom VSN 2 Academy DF MG,15 176 ₽
https://poizonshop.ru/product/nike-air-pegasus-2771760?sku=611060731,Nike Air Pegasus,13 548 ₽
https://poizonshop.ru/product/nike-dunk-low-2769941?sku=611048488,Nike Dunk Low,27 016 ₽
https://poizonshop.ru/product/nike-spark-flyknit-2774206?sku=611086991,Nike Spark flyknit,40 928 ₽
https://poizonshop.ru/product/nike-vapormax-plus-2774210?sku=611087030,Nike Vapormax Plus,20 504 ₽
https://poizonshop.ru/product/nike-sb-ishod-2771670?sku=611059463,Nike SB Ishod,16 360 ₽
https://poizonshop.ru/product/nike-court-borough-mid-2771725?sku=611060391,Nike Court Borough Mid,9 996 ₽
https://poizonshop.ru/product/nike-air-zoom-victory-tour-2-2772741?sku=611071180,Nike Air Zoom Victory Tour 2,11 920 ₽
https://poizonshop.ru/product/nike-giannis-immortality-2774933?sku=611095363,Nike Giannis Immortality,16 804 ₽
https://poizonshop.ru/product/supreme-x-nike-zoom-flight-95-2774151?sku=611086251,Supreme x Nike Zoom Flight 95,28 496 ₽
https://poizonshop.ru/product/supreme-x-nike-air-zoom-flight-95-2774154?sku=611086348,Supreme x Nike Air Zoom Flight 95,24 944 ₽
https://poizonshop.ru/product/supreme-x-nike-zoom-flight-95-air-2774155?sku=611086366,Supreme x Nike Zoom Flight 95 Air,30 124 ₽
https://poizonshop.ru/product/nike-react-miler-3-2779839?sku=611128907,Nike React Miler 3,10 440 ₽
https://poizonshop.ru/product/nike-tiempo-legend-9-club-tf-2494657?sku=609436377,Nike Tiempo Legend 9 Club TF,12 216 ₽
https://poizonshop.ru/product/nike-dunk-high-emb-2494668?sku=609436511,Nike Dunk High EMB,13 696 ₽
https://poizonshop.ru/product/nike-vapor-edge-pro-360-2497653?sku=609449341,Nike Vapor Edge Pro 360,15 324 ₽
https://poizonshop.ru/product/nike-react-legend-9-pro-tf-2498414?sku=609454317,Nike React Legend 9 Pro TF,12 808 ₽
https://poizonshop.ru/product/nike-mercurial-superfly-8-14-academy-mds-fgmg-fg-2491374?sku=609418286,Nike Mercurial Superfly 8 14 Academy MDS FGMG FG-,25 980 ₽
https://poizonshop.ru/product/nike-mercurial-dream-speed-vapor-14-14-elite-fg-cr7-2491411?sku=609418573,Nike Mercurial Dream Speed Vapor 14 14 Elite FG CR7,35 156 ₽
https://poizonshop.ru/product/nike-zoom-fly-4-2493289?sku=609428028,Nike Zoom Fly 4,15 176 ₽
https://poizonshop.ru/product/nike-dunk-low-se-patchwork-2496797?sku=609441304,"Nike Dunk Low se ""patchwork""",20 800 ₽
https://poizonshop.ru/product/nike-legend-9-elite-fg-2496102?sku=609438656,Nike Legend 9 Elite FG,30 124 ₽
https://poizonshop.ru/product/nike-mercurial-superfly-8-14-academy-mds-ag-2501597?sku=609465657,Nike Mercurial Superfly 8 14 Academy MDS AG-,24 352 ₽
https://poizonshop.ru/product/nike-air-force-1-mid-2483030?sku=609375373,Nike Air Force 1 Mid,16 360 ₽
https://poizonshop.ru/product/nike-sb-force-58-prm-l-2480138?sku=609359810,Nike SB Force 58 PRM L,18 284 ₽
https://poizonshop.ru/product/nike-sb-ishod-2480201?sku=609360583,Nike SB Ishod,22 724 ₽
https://poizonshop.ru/product/nike-superfly-8-14-elite-fg-2485646?sku=609386296,Nike Superfly 8 14 Elite FG,25 092 ₽
https://poizonshop.ru/product/nike-free-terra-vista-2485709?sku=609386850,Nike Free Terra Vista,11 476 ₽
https://poizonshop.ru/product/nike-reax-8-tr-mesh-2469581?sku=609303177,Nike Reax 8 TR Mesh,11 328 ₽
https://poizonshop.ru/product/nike-pg-6-nrg-ep-butterflies-2481317?sku=609366378,"Nike PG 6 NRG EP ""Butterflies""",27 756 ₽
https://poizonshop.ru/product/nike-dunk-sb-high-prm-new-york-mets-2482114?sku=609370145,"Nike Dunk SB High PRM ""New York Mets""",13 104 ₽
https://poizonshop.ru/product/nike-kyrie-8-infinity-ep-valentine-s-day-8-2478042?sku=609347990,"Nike Kyrie 8 Infinity EP ""Valentine' s Day"" 8",15 620 ₽
https://poizonshop.ru/product/nike-space-hippie-04-2501894?sku=609467676,Nike Space Hippie 04,12 216 ₽
https://poizonshop.ru/product/nike-zoomx-dragonfly-2502342?sku=609470886,Nike Zoomx Dragonfly,31 604 ₽
https://poizonshop.ru/product/nike-mercurial-vapor-14-14-elite-ag-2456411?sku=609267527,Nike Mercurial Vapor 14 14 Elite AG,25 684 ₽
https://poizonshop.ru/product/nike-blazer-low-pro-gt-prm-2459708?sku=609252493,Nike Blazer Low Pro GT PRM,8 812 ₽
https://poizonshop.ru/product/nike-pg-6-2457349?sku=609245814,Nike PG 6,19 024 ₽
https://poizonshop.ru/product/nike-revolution-6-2457502?sku=609247268,Nike REVOLUTION 6,8 368 ₽
https://poizonshop.ru/product/nike-legend-9-pro-ag-2456532?sku=609240910,Nike Legend 9 Pro AG,16 064 ₽
https://poizonshop.ru/product/nike-zoom-court-nxt-hc-2456534?sku=609240944,Nike Zoom Court NXT HC,19 616 ₽
https://poizonshop.ru/product/nike-air-force-1-low-07-light-bordeaux-2456536?sku=609240987,"Nike Air Force 1 Low '07 ""Light Bordeaux""",17 692 ₽
https://poizonshop.ru/product/nike-air-force-1-mid-copy-paste-2456550?sku=609241175,Nike Air Force 1 Mid Copy Paste,25 240 ₽
https://poizonshop.ru/product/nike-air-force-1-low-07-prm-carabiner-swoosh-2456989?sku=609241913,"Nike Air Force 1 Low '07 PRM ""Carabiner Swoosh""",15 916 ₽
https://poizonshop.ru/product/nike-sb-force-58-prm-l-laser-orange-2460669?sku=609258452,"Nike SB Force 58 PRM L ""Laser Orange""",16 804 ₽
https://poizonshop.ru/product/nike-zoom-fly-4-2464166?sku=609275538,Nike Zoom Fly 4,17 396 ₽
https://poizonshop.ru/product/nike-2448562?sku=609188309,Nike,17 692 ₽
https://poizonshop.ru/product/nike-quest-4-2449898?sku=609195198,Nike Quest 4,12 364 ₽
https://poizonshop.ru/product/nike-zoom-winflo-8-2450386?sku=609198372,Nike Zoom Winflo 8,14 436 ₽
https://poizonshop.ru/product/nike-dunk-low-retro-team-red-2452575?sku=609209939,"Nike Dunk Low Retro ""Team Red""",14 880 ₽
https://poizonshop.ru/product/nike-2452305?sku=609208452,Nike,9 552 ₽
https://poizonshop.ru/product/nike-dunk-low-fossil-rose-2452617?sku=609210521,Nike Dunk Low fossil rose,18 284 ₽
https://poizonshop.ru/product/nike-zoom-fly-4-2452662?sku=609211015,Nike Zoom Fly 4,18 432 ₽
https://poizonshop.ru/product/nike-phantom-gt2-acdmy-flyease-fgmg-2429055?sku=609074277,Nike Phantom GT2 ACDMY FlyEase FGMG,18 284 ₽
https://poizonshop.ru/product/nike-phantom-venom-club-tf-2429077?sku=609074544,Nike Phantom Venom Club TF,13 104 ₽
https://poizonshop.ru/product/nike-air-force-1-low-07-lx-dark-beetroot-2429258?sku=609075734,"Nike Air Force 1 Low '07 LX ""Dark Beetroot""",31 604 ₽
https://poizonshop.ru/product/nike-acg-mountain-fly-low-gtx-se-2420403?sku=609029822,Nike ACG Mountain Fly Low GTX SE,29 680 ₽
https://poizonshop.ru/product/nike-lebron-19-ep-sketch-19-2433783?sku=609099819,"Nike Lebron 19 ep ""sketch"" 19",11 180 ₽
https://poizonshop.ru/product/nike-zoom-rival-s-9-2411535?sku=608980291,Nike Zoom Rival s 9,16 804 ₽
https://poizonshop.ru/product/nike-air-force-1-low-2411564?sku=608980530,Nike Air Force 1 Low,22 724 ₽ 22 872 ₽
https://poizonshop.ru/product/nike-zoom-rival-m-9-2411808?sku=608982128,Nike Zoom Rival M 9,12 660 ₽
https://poizonshop.ru/product/nike-zoom-rival-m-9-2411851?sku=608982425,Nike Zoom Rival M 9,14 288 ₽
https://poizonshop.ru/product/nike-lj-elite-2411920?sku=608982898,Nike lj elite,22 724 ₽
https://poizonshop.ru/product/nike-zoom-rival-m-9-2411701?sku=608981382,Nike Zoom Rival M 9,15 620 ₽
https://poizonshop.ru/product/nike-zoom-vapor-14-14-pro-tf-2412649?sku=608987055,Nike Zoom Vapor 14 14 Pro TF,21 244 ₽
https://poizonshop.ru/product/nike-ispa-se-smokey-mauve-2468455?sku=609295768,"Nike ISPA SE ""Smokey Mauve""",11 920 ₽
https://poizonshop.ru/product/nike-mercurial-vapor-14-14-academy-fg-2468484?sku=609296039,Nike Mercurial Vapor 14 14 Academy FG-,19 764 ₽
https://poizonshop.ru/product/nike-precision-5-2468768?sku=609297894,Nike Precision 5,10 588 ₽
https://poizonshop.ru/product/nike-air-force-1-low-2212342?sku=607915181,Nike Air Force 1 Low,22 724 ₽
https://poizonshop.ru/product/union-x-nike-dunk-low-argon-2236539?sku=608049054,Union x Nike Dunk Low Argon,19 172 ₽
https://poizonshop.ru/product/nike-air-max-97-zebra-2260387?sku=608169869,"Nike Air Max 97 ""Zebra""",21 096 ₽
https://poizonshop.ru/product/nike-air-zoom-gt-jump-grey-sail-2262043?sku=608176779,Nike Air Zoom G.T. Jump Grey Sail,19 912 ₽
https://poizonshop.ru/product/nike-quest-4-2266058?sku=608197269,Nike Quest 4,10 736 ₽
https://poizonshop.ru/product/fpar-x-nike-blazer-low-2275014?sku=608239622,FPAR x Nike Blazer Low,11 476 ₽
https://poizonshop.ru/product/nike-blazer-low-jumbo-2279032?sku=608260143,Nike Blazer Low Jumbo,9 700 ₽
https://poizonshop.ru/product/nike-air-force-1-low-2434879?sku=609106978,Nike Air Force 1 Low,24 944 ₽
https://poizonshop.ru/product/nike-pegasus-38-2433536?sku=609098317,Nike Pegasus 38,12 068 ₽
https://poizonshop.ru/product/nike-dunk-low-ess-barley-paisley-2436367?sku=609114915,"Nike Dunk Low ess ""barley paisley""",15 324 ₽
https://poizonshop.ru/product/nike-air-force-1-low-fzbb-07-2525847?sku=609590559,Nike Air Force 1 Low FZBB '07,21 096 ₽
https://poizonshop.ru/product/nike-dunk-low-retro-gym-red-2531517?sku=609615745,"Nike Dunk Low Retro ""Gym Red""",17 840 ₽
https://poizonshop.ru/product/nike-pg-6-2428004?sku=609068108,Nike PG 6,24 944 ₽
https://poizonshop.ru/product/nike-air-zoom-vomero-16-2438407?sku=609128134,Nike Air Zoom Vomero 16,19 616 ₽
https://poizonshop.ru/product/nike-high-jump-elite-2406884?sku=608947035,Nike High Jump Elite,14 732 ₽
https://poizonshop.ru/product/nike-vapor-14-14-elite-ag-2409190?sku=608968803,Nike Vapor 14 14 Elite AG,27 016 ₽
https://poizonshop.ru/product/nike-mercurial-vapor-14-14-elite-fg-2409203?sku=608968914,Nike Mercurial Vapor 14 14 Elite FG,29 976 ₽
https://poizonshop.ru/product/nike-sb-chron-2-canvas-premium-2405750?sku=608940708,Nike SB Chron 2 Canvas Premium,12 068 ₽
https://poizonshop.ru/product/nike-pegasus-38-2405693?sku=608940247,Nike Pegasus 38,22 576 ₽
https://poizonshop.ru/product/nike-dunk-sb-high-pro-pineapple-2405735?sku=608940529,"Nike Dunk SB High Pro ""Pineapple""",12 956 ₽
https://poizonshop.ru/product/nike-air-force-1-mid-qs-ale-brown-2408243?sku=608964140,"Nike Air Force 1 Mid QS ""Ale Brown""",9 848 ₽
https://poizonshop.ru/product/nike-sb-force-58-2453877?sku=609220693,Nike SB Force 58,15 324 ₽
https://poizonshop.ru/product/nike-mercurial-vapor-14-mercurial-14-academy-hg-2528360?sku=609604654,Nike Mercurial Vapor 14 Mercurial 14 Academy HG,14 732 ₽
https://poizonshop.ru/product/nike-mercurial-dream-speed-superfly-8-14-academy-tf-2509528?sku=609511432,Nike Mercurial Dream Speed Superfly 8 14 Academy TF,24 944 ₽
https://poizonshop.ru/product/nike-premier3-fg-2509532?sku=609511476,Nike Premier3 FG,11 624 ₽
https://poizonshop.ru/product/nike-air-trainer-1-chlorophyll-2509663?sku=609512777,"Nike Air Trainer 1 ""Chlorophyll""",10 736 ₽
https://poizonshop.ru/product/nike-dunk-low-retro-2719134?sku=610686718,Nike Dunk Low Retro,26 424 ₽
https://poizonshop.ru/product/nike-dunk-low-retro-se-certified-fresh-2771706?sku=611059705,"Nike Dunk Low retro se ""certified fresh""",15 176 ₽
https://poizonshop.ru/product/nike-tiempo-legend-9-academy-hg-2785781?sku=611171897,Nike Tiempo Legend 9 Academy HG,18 136 ₽
https://poizonshop.ru/product/nike-venture-runner-2806317?sku=611308070,Nike Venture Runner,13 844 ₽
https://poizonshop.ru/product/nike-court-zoom-vapor-cage-4-rafa-2806761?sku=611312291,Nike Court Zoom Vapor Cage 4 Rafa,22 428 ₽
https://poizonshop.ru/product/nike-metcon-7-amp-2828232?sku=611451305,Nike Metcon 7 AMP,25 536 ₽
https://poizonshop.ru/product/nike-dunk-low-retro-hyper-cobalt-2828253?sku=611451748,"Nike Dunk Low Retro ""Hyper Cobalt""",33 084 ₽
https://poizonshop.ru/product/nike-dunk-high-retro-university-chenille-swoosh-2827601?sku=611443682,"Nike Dunk High retro university ""chenille swoosh""",11 476 ₽
https://poizonshop.ru/product/nike-dunk-low-retro-2829002?sku=611458374,Nike Dunk Low Retro,27 016 ₽
https://poizonshop.ru/product/nike-huarache-next-nature-2827872?sku=611446217,Nike Huarache Next Nature,9 108 ₽
https://poizonshop.ru/product/nike-lebron-3-3-2832701?sku=611479812,Nike Lebron 3 3,15 176 ₽
https://poizonshop.ru/product/nike-air-more-uptempo-usa-hoops-air-2832814?sku=611481243,Nike Air More Uptempo usa hoops air,27 164 ₽
https://poizonshop.ru/product/nike-dunk-low-okhr-logo-2839377?sku=611531802,Nike Dunk Low OKHR logo,29 236 ₽
https://poizonshop.ru/product/nike-blazer-mid-2840289?sku=611536139,Nike Blazer Mid,12 216 ₽
https://poizonshop.ru/product/nike-kyrie-low-5-n7-5-2840810?sku=611541554,"Nike Kyrie Low 5 ""N7"" 5",28 496 ₽
https://poizonshop.ru/product/nike-kd-15-15-2839485?sku=611532519,Nike KD 15 15,24 352 ₽
https://poizonshop.ru/product/nike-acg-lowcate-2675369?sku=610415434,Nike ACG Lowcate,12 512 ₽
https://poizonshop.ru/product/nike-mercurial-superfly-8-14-academy-tf-2675955?sku=610419899,Nike Mercurial Superfly 8 14 Academy TF,27 164 ₽
https://poizonshop.ru/product/nike-lebron-19-19-2677029?sku=610427570,Nike Lebron 19 19,13 696 ₽
https://poizonshop.ru/product/nike-zoom-fly-4-2679586?sku=610442534,Nike Zoom Fly 4,16 656 ₽
https://poizonshop.ru/product/nike-react-miler-3-2679592?sku=610442590,Nike React Miler 3,9 404 ₽
https://poizonshop.ru/product/nike-air-zoom-infinity-tour-nxt-2679633?sku=610442807,Nike Air Zoom Infinity Tour NXT,15 324 ₽
https://poizonshop.ru/product/nike-zoom-fly-4-2679033?sku=610439547,Nike Zoom Fly 4,15 768 ₽
https://poizonshop.ru/product/nike-dunk-low-vibe-2678868?sku=610438131,Nike Dunk Low vibe,27 164 ₽
https://poizonshop.ru/product/nike-zoom-winflo-9-2684402?sku=616243381,Nike Zoom Winflo 9,12 956 ₽
https://poizonshop.ru/product/nike-blazer-low-72-2746131?sku=610883327,"Nike Blazer Low ""72""",10 588 ₽
https://poizonshop.ru/product/nike-dunk-low-retro-prm-black-and-tumbled-grey-2671796?sku=610393088,"Nike Dunk Low Retro PRM ""Black and Tumbled Grey""",15 620 ₽
https://poizonshop.ru/product/nike-air-force-1-low-2748440?sku=610894963,Nike Air Force 1 Low,21 244 ₽
https://poizonshop.ru/product/sacai-x-nike-cortez-sp-white-and-university-red-2749982?sku=610902716,"Sacai x Nike Cortez SP ""White and University Red""",27 016 ₽
https://poizonshop.ru/product/nike-brsb-2699159?sku=610553547,Nike BRSB,9 848 ₽
https://poizonshop.ru/product/nike-air-force-1-low-white-black-2680468?sku=610447625,Nike Air Force 1 Low white black,16 212 ₽
https://poizonshop.ru/product/nike-pg-6-ep-2680505?sku=610447999,Nike PG 6 EP,17 396 ₽
https://poizonshop.ru/product/nike-air-zoom-pegasus-39-2672563?sku=610399153,Nike Air Zoom Pegasus 39,13 992 ₽
https://poizonshop.ru/product/nike-air-zoom-pegasus-39-39-2672597?sku=610399399,Nike Air Zoom Pegasus 39 39,14 880 ₽
https://poizonshop.ru/product/nike-victori-one-2673550?sku=610406637,Nike Victori One,7 139 ₽
https://poizonshop.ru/product/nike-quest-5-2673626?sku=610407315,Nike Quest 5,12 956 ₽
https://poizonshop.ru/product/nike-sb-ishod-2672022?sku=610394765,Nike SB Ishod,14 732 ₽
https://poizonshop.ru/product/nike-downshifter-12-2674563?sku=610409994,Nike Downshifter 12,8 072 ₽
https://poizonshop.ru/product/nike-dunk-high-culture-day-2713948?sku=610656915,"Nike Dunk High ""Culture Day""",12 808 ₽
https://poizonshop.ru/product/nike-spark-flyknit-1-2714954?sku=610664073,Nike Spark Flyknit 1,15 620 ₽
https://poizonshop.ru/product/nike-react-infinity-run-fk-3-2773446?sku=611079858,Nike react infinity run fk 3,17 544 ₽
https://poizonshop.ru/product/nike-waffle-one-coconut-milk-2788575?sku=611190218,"Nike Waffle One ""coconut milk""",8 072 ₽
https://poizonshop.ru/product/nike-air-force-1-mid-2788538?sku=611189479,Nike Air Force 1 Mid,18 284 ₽
https://poizonshop.ru/product/nike-air-zoom-tempo-next-fk-brs-2788540?sku=611189512,"Nike Air Zoom Tempo Next fk ""brs""",18 876 ₽
https://poizonshop.ru/product/nike-mercurial-superfly-6-12-club-tf-2788310?sku=611188545,Nike Mercurial Superfly 6 12 Club TF-,12 364 ₽
https://poizonshop.ru/product/nike-invincible-run-2-2793762?sku=611226064,Nike Invincible Run 2,28 644 ₽
https://poizonshop.ru/product/nike-dunk-low-2796243?sku=611241577,Nike Dunk Low,28 200 ₽
https://poizonshop.ru/product/nike-sb-ishod-2795217?sku=611234454,Nike SB Ishod,11 772 ₽
https://poizonshop.ru/product/nike-air-force-1-low-2795280?sku=611234968,Nike Air Force 1 Low,20 652 ₽ 24 204 ₽
https://poizonshop.ru/product/nike-kukini-2794664?sku=611230082,Nike Kukini,9 256 ₽
https://poizonshop.ru/product/nike-air-force-1-mid-07-qs-chocolate-2795509?sku=611236946,"Nike Air Force 1 Mid '07 qs ""chocolate""",30 124 ₽
https://poizonshop.ru/product/nike-air-zoom-pegasus-39-2795988?sku=611240737,Nike Air Zoom Pegasus 39,13 252 ₽
https://poizonshop.ru/product/nike-flytrap-5-kyrie-2776249?sku=611105446,Nike Flytrap 5 Kyrie,16 952 ₽
https://poizonshop.ru/product/nike-air-max-flyknit-racer-oreo-2776487?sku=611108175,"Nike Air Max Flyknit Racer ""Oreo""",16 804 ₽
https://poizonshop.ru/product/nike-kyrie-low-5-ep-5-2776982?sku=611111632,Nike Kyrie Low 5 EP 5,13 696 ₽
https://poizonshop.ru/product/nike-air-max-90-terrascape-vivid-green-2781027?sku=611135131,"Nike Air Max 90 Terrascape ""Vivid Green""",16 360 ₽
https://poizonshop.ru/product/nike-air-max-97-terrascape-vivid-green-2784777?sku=611163980,"Nike Air Max 97 Terrascape ""Vivid Green""",16 508 ₽
https://poizonshop.ru/product/nike-court-react-vapor-nxt-2797886?sku=611253128,Nike Court React Vapor NXT,16 212 ₽
https://poizonshop.ru/product/nike-air-pegasus-2797237?sku=611247510,Nike Air Pegasus,11 180 ₽
https://poizonshop.ru/product/nike-kyrie-infinity-8-2797250?sku=611247634,Nike Kyrie Infinity 8,18 136 ₽
https://poizonshop.ru/product/nike-air-force-1-high-07-prm-2744682?sku=610874687,Nike Air Force 1 High 07 PRM,13 844 ₽
https://poizonshop.ru/product/nike-air-max-97-blueberry-2744715?sku=610874916,Nike Air Max 97 Blueberry,41 964 ₽
https://poizonshop.ru/product/nike-ebernon-low-prm-2728698?sku=610755927,Nike EBERNON Low PRM,9 404 ₽
https://poizonshop.ru/product/nike-zoom-2k-just-do-it-2728719?sku=610756040,Nike Zoom 2K just do it,11 328 ₽
https://poizonshop.ru/product/nike-dunk-high-retro-se-vntg-2728729?sku=610756296,Nike Dunk High Retro SE VNTG,14 140 ₽
https://poizonshop.ru/product/nike-dunk-low-retro-2728733?sku=610756434,Nike Dunk Low Retro,28 644 ₽
https://poizonshop.ru/product/nike-tiempo-legend-9-academy-hg-2731521?sku=610780780,Nike Tiempo Legend 9 Academy HG,15 176 ₽
https://poizonshop.ru/product/nike-zoomx-streakfly-2731724?sku=610782795,Nike ZoomX Streakfly,22 724 ₽
https://poizonshop.ru/product/nike-vapor-14-14-pro-ag-2802934?sku=611281202,Nike Vapor 14 14 Pro AG,26 572 ₽
https://poizonshop.ru/product/nike-kd-14-nrg-valentines-day-14-2797921?sku=611253561,Nike KD 14 NRG Valentine's Day 14,31 456 ₽
https://poizonshop.ru/product/nike-air-kukini-triple-black-2804446?sku=611291527,"Nike Air Kukini ""Triple Black""",12 216 ₽
https://poizonshop.ru/product/stussy-x-nike-air-force-1-mid-07-mid-sp-2803723?sku=611284493,Stussy x Nike Air Force 1 Mid '07 mid sp,15 620 ₽
https://poizonshop.ru/product/stussy-x-nike-air-force-1-mid-07-mid-sp-2803770?sku=611285321,Stussy x Nike Air Force 1 Mid '07 mid sp,22 576 ₽
https://poizonshop.ru/product/nike-pg-6-ep-6-2798506?sku=611256501,Nike PG 6 EP 6,21 392 ₽
https://poizonshop.ru/product/nike-air-max-2021-2798856?sku=611259800,Nike Air Max 2021,10 588 ₽
https://poizonshop.ru/product/nike-air-zoom-pegasus-39-premium-2798236?sku=611255383,Nike Air Zoom Pegasus 39 premium,18 136 ₽
https://poizonshop.ru/product/nike-air-pegasus-2810742?sku=611335479,Nike Air Pegasus,9 108 ₽
https://poizonshop.ru/product/nike-acg-air-mada-2824477?sku=611424647,Nike ACG Air Mada,21 836 ₽
https://poizonshop.ru/product/nike-pg-6-ep-6-2843880?sku=611565690,Nike PG 6 EP 6,27 016 ₽
https://poizonshop.ru/product/nike-blazer-mid-okhr-vibe-2843896?sku=611565981,Nike Blazer Mid OKHR Vibe,19 764 ₽
https://poizonshop.ru/product/nike-air-more-uptempo-hoops-air-3095833?sku=613100023,Nike Air More Uptempo hoops AIR,24 648 ₽
https://poizonshop.ru/product/nike-dunk-low-3095614?sku=613098908,Nike Dunk Low,27 164 ₽
https://poizonshop.ru/product/nike-dunk-low-retro-gameboy-3143820?sku=613449179,Nike Dunk Low Retro GAMEBOY,23 464 ₽
https://poizonshop.ru/product/nike-dunk-low-retro-gameboy-3143900?sku=613449509,Nike Dunk Low Retro GAMEBOY,23 464 ₽
https://poizonshop.ru/product/nike-air-force-1-low-3147633?sku=613479757,Nike Air Force 1 Low,23 316 ₽
https://poizonshop.ru/product/nike-pegasus-trail-4-gore-tex-3147546?sku=613478501,Nike Pegasus Trail 4 gore-tex,18 284 ₽
https://poizonshop.ru/product/nike-brsb-3161640?sku=613570839,Nike BRSB,15 176 ₽
https://poizonshop.ru/product/nike-phantom-gt2-elite-fg-3133482?sku=613389713,Nike Phantom GT2 Elite FG,28 348 ₽
https://poizonshop.ru/product/nike-zoom-mercurial-vapor-15-15-academy-ag-3133519?sku=613389940,Nike Zoom Mercurial Vapor 15 15 Academy AG,21 096 ₽
https://poizonshop.ru/product/nike-dunk-low-retro-vibe-3138609?sku=613415824,Nike Dunk Low Retro Vibe,25 684 ₽
https://poizonshop.ru/product/nike-mercurial-vapor-15-3137710?sku=613407893,Nike Mercurial Vapor 15,13 104 ₽
https://poizonshop.ru/product/nike-cosmic-unity-2-ep-3137977?sku=613410357,Nike Cosmic Unity 2 EP,9 848 ₽
https://poizonshop.ru/product/nike-air-force-1-low-3144559?sku=613452429,Nike Air Force 1 Low,23 464 ₽
https://poizonshop.ru/product/nike-air-force-1-low-07-3144628?sku=613452685,Nike Air Force 1 Low 07,23 464 ₽
https://poizonshop.ru/product/nike-zoom-vapor-15-15-pro-fg-3144749?sku=613453369,Nike Zoom Vapor 15 15 Pro FG,26 424 ₽
https://poizonshop.ru/product/nike-pg-6-3117599?sku=613237781,Nike PG 6,30 124 ₽
https://poizonshop.ru/product/nike-phantom-gt2-pro-tf-3117605?sku=613237836,Nike Phantom GT2 Pro TF,22 280 ₽
https://poizonshop.ru/product/nike-dunk-low-ess-pink-black-3117623?sku=613237933,"Nike Dunk Low ESS ""Pink Black""",35 748 ₽
https://poizonshop.ru/product/nike-phantom-gt-2-academy-hg-3117379?sku=613236757,Nike Phantom GT 2 Academy HG,16 212 ₽
https://poizonshop.ru/product/nike-zoom-mercurial-vapor-15-15-academy-tf-3117386?sku=613236809,Nike Zoom Mercurial Vapor 15 15 Academy TF,15 176 ₽
https://poizonshop.ru/product/nike-tiempo-legend-9-academy-mg-3117389?sku=613236828,Nike Tiempo Legend 9 Academy MG,20 356 ₽
https://poizonshop.ru/product/nike-tiempo-legend-9-academy-hg-3117393?sku=613236860,Nike Tiempo Legend 9 Academy HG,14 880 ₽
https://poizonshop.ru/product/nike-phantom-gt-2-elite-pro-ag-3117815?sku=613239889,Nike Phantom GT 2 Elite Pro AG-,28 496 ₽
https://poizonshop.ru/product/nike-dunk-low-3120137?sku=613251055,Nike Dunk Low,23 316 ₽
https://poizonshop.ru/product/nike-react-tiempo-legend-9-pro-tf-3123287?sku=613275650,Nike React Tiempo Legend 9 Pro TF,15 176 ₽
https://poizonshop.ru/product/nike-dunk-low-retro-3104861?sku=613160940,Nike Dunk Low Retro,29 976 ₽
https://poizonshop.ru/product/nike-dunk-low-3104877?sku=613160954,Nike Dunk Low,26 276 ₽
https://poizonshop.ru/product/nike-air-force-1-low-07-3092159?sku=613079503,Nike Air Force 1 Low 07,26 424 ₽
https://poizonshop.ru/product/nike-phantom-gt2-elite-fg-3088568?sku=613060720,Nike Phantom GT2 Elite FG,27 016